time stamp, twistx, twisty, twistz, omega_l, omega_r, omega_m, omega_l, omega_r, omega_m, roll, pitch, yaw, accl_x, accl_y, accl_z, dis_m, dis_r, dis_l, str_m, str_r, str_l
0.0104344, 0,0,0, 0,0,0,0,0,0, -0.0270526,0.010821,1.42262,-0.0980665,-0.254973,9.76742,171,518,171,3298,508,7558
0.0201445, 0,0,0, 0,0,0,0,0,0, -0.0268781,0.010821,1.42262,-0.0980665,-0.254973,9.80665,171,519,171,3293,519,7556
0.0301089, 0,0,0, 0,0,0,0,0,0, -0.0268781,0.010821,1.42262,-0.0980665,-0.254973,9.80665,171,519,171,3294,516,7563
0.0400758, 0,0,0, 0,0,0,0,0,0, -0.0268781,0.010821,1.42262,-0.0980665,-0.254973,9.80665,171,519,171,3296,519,7558
0.0500743, 0,0,0, 0,0,0,0,0,0, -0.0268781,0.010821,1.42262,-0.0980665,-0.254973,9.76742,171,520,171,3290,517,7560
0.0600867, 0,0,0, 0,0,0,0,0,0, -0.0268781,0.010821,1.42262,-0.0980665,-0.254973,9.76742,171,519,171,3287,527,7554
0.0700724, -0,-0,0, 0,0,0,0,0,0, -0.0268781,0.010821,1.42262,-0.0980665,-0.254973,9.80665,171,518,171,3296,520,7557
0.0800986, -0,-0,0, 0,0,0,0,0,0, -0.0268781,0.010821,1.42262,-0.0980665,-0.254973,9.80665,171,519,171,3298,518,7561
0.0900805, -0,-0,0, 0,0,0,0,0,0, -0.0268781,0.010821,1.42244,-0.0980665,-0.254973,9.80665,171,519,171,3287,516,7566
0.100042, -0,-0,0, 0,0,0,0,0,0, -0.0268781,0.010821,1.42244,-0.137293,-0.254973,9.80665,171,519,171,3296,514,7557
0.110141, -0,-0,0, 0,0,0,0,0,0, -0.0268781,0.010821,1.42244,-0.137293,-0.254973,9.80665,171,519,171,3296,514,7557
0.120096, -0,-0,0, 0,0,0,0,0,0, -0.0268781,0.010821,1.42244,-0.0980665,-0.254973,9.76742,171,518,171,3291,520,7557
0.13011, -0,-0,0, 0,0,0,0,0,0, -0.0268781,0.010821,1.42244,-0.0980665,-0.254973,9.80665,171,518,171,3288,512,7557
0.140098, -0,-0,0, 0,0,0,0,0,0, -0.0267035,0.010821,1.42244,-0.137293,-0.294199,9.81646,171,518,171,3294,519,7556
0.150084, -0,-0,0, 0,0,0,0,0,0, -0.0267035,0.010821,1.42244,-0.137293,-0.254973,9.80665,171,519,171,3292,522,7557
0.160069, -0,-0,0, 0,0,0,0,0,0, -0.0267035,0.010821,1.42244,-0.0980665,-0.254973,9.80665,171,519,171,3289,515,7555
0.170123, -0,-0,0, 0,0,0,0,0,0, -0.0267035,0.010821,1.42244,-0.0980665,-0.254973,9.80665,171,519,171,3291,512,7558
0.180113, -0,-0,0, 0,0,0,0,0,0, -0.0267035,0.010821,1.42244,-0.0980665,-0.254973,9.80665,171,520,171,3293,515,7550
0.190096, -0,-0,0, 0,0,0,0,0,0, -0.0267035,0.010821,1.42244,-0.0980665,-0.254973,9.80665,171,519,171,3297,514,7559
0.200124, -0,-0,0, 0,0,0,0,0,0, -0.0267035,0.0109956,1.42244,-0.0980665,-0.254973,9.80665,171,519,171,3286,524,7556
0.210044, -0,-0,0, 0,0,0,0,0,0, -0.0267035,0.0109956,1.42262,-0.0980665,-0.254973,9.80665,171,519,171,3286,524,7556
0.220148, -0,-0,0, 0,0,0,0,0,0, -0.0267035,0.0109956,1.42262,-0.0980665,-0.254973,9.80665,171,519,171,3282,519,7557
0.230114, -0,-0,0, 0,0,0,0,0,0, -0.0267035,0.0109956,1.42262,-0.137293,-0.254973,9.80665,171,519,171,3295,514,7557
0.24008, -0,-0,0, 0,0,0,0,0,0, -0.0267035,0.0109956,1.42262,-0.0980665,-0.254973,9.80665,171,518,171,3295,522,7565
0.250144, -0,-0,0, 0,0,0,0,0,0, -0.0267035,0.0109956,1.42262,-0.0980665,-0.254973,9.80665,171,519,171,3291,516,7556
0.260144, -0,-0,0, 0,0,0,0,0,0, -0.0267035,0.0109956,1.42262,-0.137293,-0.254973,9.80665,171,519,171,3288,517,7557
0.270118, -0,-0,0, 0,0,0,0,0,0, -0.0267035,0.0109956,1.42262,-0.0980665,-0.254973,9.76742,171,518,171,3296,517,7557
0.280084, -0,-0,0, 0,0,0,0,0,0, -0.0267035,0.0109956,1.42262,-0.137293,-0.254973,9.80665,171,518,171,3295,514,7556
0.290115, -0,-0,0, 0,0,0,0,0,0, -0.0267035,0.0109956,1.42262,-0.0980665,-0.254973,9.85568,171,521,171,3288,515,7552
0.300128, -0,-0,0, 0,0,0,0,0,0, -0.0267035,0.0109956,1.42262,-0.0980665,-0.254973,9.76742,171,519,171,3287,519,7555
0.310094, -0,-0,0, 0,0,0,0,0,0, -0.0267035,0.0109956,1.42262,-0.0980665,-0.254973,9.80665,171,518,171,3291,518,7552
0.320031, -0,-0,0, 0,0,0,0,0,0, -0.0267035,0.0109956,1.42262,-0.137293,-0.254973,9.85568,171,519,171,3293,525,7551
0.330139, -0,-0,0, 0,0,0,0,0,0, -0.0267035,0.0109956,1.42262,-0.137293,-0.254973,9.85568,171,519,171,3293,525,7551
0.340194, -0,-0,0, 0,0,0,0,0,0, -0.0267035,0.0109956,1.42262,-0.0980665,-0.254973,9.80665,171,518,171,3296,519,7556
0.350135, -0,-0,0, 0,0,0,0,0,0, -0.0267035,0.0109956,1.42262,-0.0980665,-0.254973,9.80665,171,519,171,3290,515,7562
0.360095, -0,-0,0, 0,0,0,0,0,0, -0.0267035,0.0109956,1.42262,-0.0980665,-0.254973,9.76742,171,519,171,3289,515,7556
0.370127, -0,-0,0, 0,0,0,0,0,0, -0.0267035,0.0109956,1.42262,-0.0980665,-0.254973,9.80665,171,518,171,3295,516,7560
0.380089, -0,-0,0, 0,0,0,0,0,0, -0.0267035,0.0109956,1.42262,-0.0980665,-0.254973,9.80665,171,519,171,3293,522,7554
0.390086, -0,-0,0, 0,0,0,0,0,0, -0.0267035,0.0109956,1.42262,-0.137293,-0.254973,9.76742,171,518,171,3284,518,7555
0.400072, -0,-0,0, 0,0,0,0,0,0, -0.026529,0.0109956,1.42262,-0.137293,-0.254973,9.85568,171,518,171,3299,518,7559
0.410112, -0,-0,0, 0,0,0,0,0,0, -0.0267035,0.0109956,1.42262,-0.0980665,-0.254973,9.80665,171,519,171,3287,518,7561
0.42009, -0,-0,0, 0,0,0,0,0,0, -0.0267035,0.0109956,1.42262,-0.137293,-0.254973,9.80665,171,518,171,3281,517,7561
0.430063, -0,-0,0, 0,0,0,0,0,0, -0.0267035,0.0109956,1.42262,-0.137293,-0.254973,9.80665,171,519,171,3286,522,7556
0.440084, -0,-0,0, 0,0,0,0,0,0, -0.0267035,0.0109956,1.42262,-0.137293,-0.254973,9.80665,171,519,171,3286,522,7556
0.450073, -0,-0,0, 0,0,0,0,0,0, -0.0267035,0.0109956,1.42262,-0.0980665,-0.254973,9.80665,171,520,171,3295,508,7553
0.460121, -0,-0,0, 0,0,0,0,0,0, -0.0267035,0.0109956,1.42262,-0.137293,-0.254973,9.80665,171,518,171,3289,516,7558
0.470134, -0,-0,0, 0,0,0,0,0,0, -0.0267035,0.0109956,1.42262,-0.0980665,-0.254973,9.76742,171,519,171,3295,513,7558
0.480086, -0,-0,0, 0,0,0,0,0,0, -0.0267035,0.0109956,1.42262,-0.0980665,-0.254973,9.80665,171,520,171,3291,510,7549
0.490087, -0,-0,0, 0,0,0,0,0,0, -0.0267035,0.0109956,1.42262,-0.137293,-0.254973,9.76742,171,518,171,3287,519,7556
0.500089, -0,-0,0, 0,0,0,0,0,0, -0.0267035,0.0109956,1.42262,-0.137293,-0.254973,9.80665,171,519,171,3297,512,7559
0.51018, -0,-0,0, 0,0,0,0,0,0, -0.0267035,0.0109956,1.42262,-0.0980665,-0.254973,9.80665,171,519,171,3289,515,7559
0.520146, -0,-0,0, 0,0,0,0,0,0, -0.0267035,0.0109956,1.42262,-0.0980665,-0.254973,9.80665,171,518,171,3291,519,7561
0.530087, -0,-0,0, 0,0,0,0,0,0, -0.0267035,0.0109956,1.42262,-0.137293,-0.254973,9.80665,171,519,171,3289,514,7554
0.540011, -0,-0,0, 0,0,0,0,0,0, -0.0267035,0.0109956,1.42262,-0.137293,-0.254973,9.80665,171,519,171,3291,518,7560
0.550151, -0,-0,0, 0,0,0,0,0,0, -0.0267035,0.0109956,1.42262,-0.137293,-0.254973,9.80665,171,519,171,3291,518,7560
0.560183, -0,-0,0, 0,0,0,0,0,0, -0.0267035,0.0109956,1.42262,-0.0980665,-0.254973,9.76742,171,519,171,3295,518,7555
0.570088, -0,-0,0, 0,0,0,0,0,0, -0.0267035,0.0109956,1.42262,-0.137293,-0.254973,9.80665,171,519,171,3291,513,7553
0.579999, -0,-0,0, 0,0,0,0,0,0, -0.0267035,0.0111701,1.42262,-0.137293,-0.254973,9.80665,171,519,171,3286,517,7555
0.590124, -0,-0,0, 0,0,0,0,0,0, -0.0267035,0.0111701,1.42262,-0.137293,-0.254973,9.80665,171,517,171,3293,526,7558
0.600067, -0,-0,0, 0,0,0,0,0,0, -0.0267035,0.0111701,1.42262,-0.0980665,-0.254973,9.80665,171,517,171,3296,518,7558
0.610145, -0,-0,0, 0,0,0,0,0,0, -0.0267035,0.0111701,1.42262,-0.137293,-0.294199,9.81646,171,519,171,3286,514,7559
0.620081, -0,-0,0, 0,0,0,0,0,0, -0.0267035,0.0111701,1.42262,-0.0980665,-0.254973,9.76742,171,520,171,3296,513,7555
0.630071, -0,-0,0, 0,0,0,0,0,0, -0.0267035,0.0111701,1.42262,-0.0980665,-0.254973,9.80665,171,521,171,3289,515,7555
0.64008, -0,-0,0, 0,0,0,0,0,0, -0.0267035,0.0111701,1.42262,-0.0980665,-0.254973,9.80665,171,519,171,3282,510,7552
0.650122, -0,-0,0, 0,0,0,0,0,0, -0.0267035,0.0111701,1.42262,-0.0980665,-0.254973,9.80665,171,518,171,3290,514,7555
0.660128, -0,-0,0, 0,0,0,0,0,0, -0.0267035,0.0111701,1.42262,-0.0980665,-0.254973,9.80665,171,518,171,3290,514,7555
0.67009, -0,-0,0, 0,0,0,0,0,0, -0.0267035,0.0111701,1.42262,-0.137293,-0.254973,9.80665,171,518,171,3287,519,7556
0.680077, -0,-0,0, 0,0,0,0,0,0, -0.0267035,0.0111701,1.42262,-0.0980665,-0.254973,9.80665,171,518,171,3289,522,7557
0.690171, -0,-0,0, 0,0,0,0,0,0, -0.0267035,0.0111701,1.42262,-0.0980665,-0.254973,9.80665,171,518,171,3292,516,7556
0.700098, -0,-0,0, 0,0,0,0,0,0, -0.0267035,0.0111701,1.42262,-0.0980665,-0.254973,9.80665,171,519,171,3289,517,7557
0.710113, -0,-0,0, 0,0,0,0,0,0, -0.0267035,0.0111701,1.42262,-0.137293,-0.254973,9.80665,171,518,171,3287,525,7556
0.720085, -0,-0,0, 0,0,0,0,0,0, -0.0267035,0.0111701,1.42262,-0.0980665,-0.254973,9.80665,171,518,171,3289,515,7558
0.730116, -0,-0,0, 0,0,0,0,0,0, -0.0267035,0.0111701,1.42262,-0.0980665,-0.254973,9.80665,171,518,171,3296,524,7563
0.740142, -0,-0,0, 0,0,0,0,0,0, -0.0267035,0.0111701,1.42262,-0.0980665,-0.254973,9.80665,171,518,171,3285,517,7556
0.750168, -0,-0,0, 0,0,0,0,0,0, -0.0267035,0.0111701,1.42262,-0.0980665,-0.254973,9.76742,171,518,171,3292,517,7555
0.759984, -0,-0,0, 0,0,0,0,0,0, -0.0267035,0.0113446,1.42262,-0.0980665,-0.254973,9.80665,171,518,171,3288,524,7558
0.770114, -0,-0,0, 0,0,0,0,0,0, -0.0267035,0.0113446,1.42262,-0.0980665,-0.254973,9.80665,171,518,171,3288,524,7558
0.780159, -0,-0,0, 0,0,0,0,0,0, -0.0267035,0.0113446,1.42262,-0.137293,-0.254973,9.80665,171,519,171,3287,513,7563
0.79012, -0,-0,0, 0,0,0,0,0,0, -0.0268781,0.0113446,1.42262,-0.0980665,-0.254973,9.80665,171,519,171,3284,518,7553
0.800312, -0,-0,0, 0,0,0,0,0,0, -0.0268781,0.0113446,1.42262,-0.0980665,-0.254973,9.80665,171,519,171,3294,519,7556
0.810131, -0,-0,0, 0,0,0,0,0,0, -0.0268781,0.0113446,1.42262,-0.137293,-0.254973,9.80665,171,520,171,3293,519,7558
0.820085, -0,-0,0, 0,0,0,0,0,0, -0.0268781,0.0113446,1.42262,-0.0980665,-0.254973,9.80665,171,519,171,3288,519,7555
0.830134, -0,-0,0, 0,0,0,0,0,0, -0.0268781,0.0113446,1.42262,-0.0980665,-0.254973,9.80665,171,519,171,3290,516,7558
0.840085, -0,-0,0, 0,0,0,0,0,0, -0.0268781,0.0113446,1.42262,-0.137293,-0.254973,9.80665,171,519,171,3294,517,7555
0.850102, -0,-0,0, 0,0,0,0,0,0, -0.0268781,0.0113446,1.42262,-0.0980665,-0.254973,9.80665,171,519,171,3291,513,7562
0.860076, -0,-0,0, 0,0,0,0,0,0, -0.0268781,0.0113446,1.42262,-0.0980665,-0.254973,9.80665,171,518,171,3284,513,7554
0.870125, -0,-0,0, 0,0,0,0,0,0, -0.0268781,0.0113446,1.42262,-0.137293,-0.254973,9.76742,171,519,171,3283,512,7562
0.880132, -0,-0,0, 0,0,0,0,0,0, -0.0268781,0.0113446,1.42262,-0.137293,-0.254973,9.76742,171,519,171,3283,512,7562
0.890131, -0,-0,0, 0,0,0,0,0,0, -0.0268781,0.0113446,1.42262,-0.0980665,-0.254973,9.76742,171,517,171,3284,516,7562
0.900113, -0,-0,0, 0,0,0,0,0,0, -0.0268781,0.0113446,1.42262,-0.0980665,-0.254973,9.80665,171,519,171,3292,516,7556
0.909995, -0,-0,0, 0,0,0,0,0,0, -0.0268781,0.0113446,1.42262,-0.137293,-0.254973,9.80665,171,519,171,3294,515,7552
0.920105, -0,-0,0, 0,0,0,0,0,0, -0.0268781,0.0113446,1.42262,-0.137293,-0.254973,9.80665,171,519,171,3288,516,7556
0.930079, -0,-0,0, 0,0,0,0,0,0, -0.0268781,0.0113446,1.42262,-0.137293,-0.254973,9.76742,171,520,171,3289,514,7563
0.940252, -0,-0,0, 0,0,0,0,0,0, -0.0268781,0.0113446,1.42262,-0.0980665,-0.254973,9.80665,171,518,171,3290,514,7556
0.95008, -0,-0,0, 0,0,0,0,0,0, -0.0268781,0.0113446,1.42262,-0.0980665,-0.215746,9.80665,171,519,171,3289,520,7556
0.960118, -0,-0,0, 0,0,0,0,0,0, -0.0268781,0.0113446,1.42262,-0.0980665,-0.254973,9.80665,171,519,171,3286,518,7558
0.97012, -0,-0,0, 0,0,0,0,0,0, -0.0268781,0.0113446,1.42262,-0.0980665,-0.254973,9.80665,171,518,171,3289,512,7552
0.980083, -0,-0,0, 0,0,0,0,0,0, -0.0268781,0.0113446,1.42262,-0.0980665,-0.254973,9.80665,171,519,171,3284,513,7555
0.990126, -0,-0,0, 0,0,0,0,0,0, -0.0268781,0.0113446,1.42262,-0.0980665,-0.254973,9.80665,171,519,171,3284,513,7555
1.00013, -0,-0,0, 0,0,0,0,0,0, -0.0268781,0.0115192,1.42262,-0.0980665,-0.254973,9.80665,171,519,171,3289,519,7561
1.01015, -0,-0,0, 0,0,0,0,0,0, -0.0268781,0.0115192,1.42262,-0.137293,-0.254973,9.76742,171,519,171,3285,514,7559
1.02014, -0,-0,0, 0,0,0,0,0,0, -0.0268781,0.0115192,1.42262,-0.137293,-0.254973,9.80665,171,518,171,3285,517,7553
1.03012, -0,-0,0, 0,0,0,0,0,0, -0.0268781,0.0115192,1.42262,-0.137293,-0.254973,9.76742,171,519,171,3287,519,7555
1.04002, -0,-0,0, 0,0,0,0,0,0, -0.0268781,0.0115192,1.42262,-0.137293,-0.254973,9.85568,171,519,171,3286,518,7552
1.05007, -0,-0,0, 0,0,0,0,0,0, -0.0268781,0.0115192,1.42262,-0.0980665,-0.254973,9.80665,171,519,171,3290,516,7555
1.06007, -0,-0,0, 0,0,0,0,0,0, -0.0268781,0.0115192,1.42262,-0.137293,-0.254973,9.80665,171,520,171,3287,514,7553
1.07013, -0,-0,0, 0,0,0,0,0,0, -0.0268781,0.0115192,1.42262,-0.0980665,-0.254973,9.80665,171,519,171,3289,512,7556
1.08009, -0,-0,0, 0,0,0,0,0,0, -0.0268781,0.0115192,1.42262,-0.137293,-0.254973,9.80665,171,518,171,3286,515,7559
1.09008, -0,-0,0, 0,0,0,0,0,0, -0.0268781,0.0115192,1.42262,-0.0980665,-0.254973,9.80665,171,519,171,3287,521,7565
1.1001, -0,-0,0, 0,0,0,0,0,0, -0.0268781,0.0115192,1.42262,-0.0980665,-0.254973,9.80665,171,519,171,3287,521,7565
1.11012, -0,-0,0, 0,0,0,0,0,0, -0.0268781,0.0115192,1.42262,-0.0980665,-0.254973,9.80665,171,518,171,3281,516,7568
1.1201, -0,-0,0, 0,0,0,0,0,0, -0.0268781,0.0115192,1.42262,-0.0980665,-0.254973,9.80665,171,520,171,3293,511,7558
1.13025, -0,-0,0, 0,0,0,0,0,0, -0.0268781,0.0115192,1.42262,-0.0980665,-0.254973,9.76742,171,519,171,3288,514,7556
1.14009, -0,-0,0, 0,0,0,0,0,0, -0.0268781,0.0115192,1.42262,-0.0980665,-0.254973,9.80665,171,518,171,3297,516,7556
1.15008, -0,-0,0, 0,0,0,0,0,0, -0.0268781,0.0115192,1.42262,-0.0980665,-0.254973,9.80665,171,518,171,3286,515,7561
1.16012, -0,-0,0, 0,0,0,0,0,0, -0.0268781,0.0115192,1.42262,-0.0980665,-0.294199,9.84588,171,519,171,3292,518,7555
1.17009, -0,-0,0, 0,0,0,0,0,0, -0.0268781,0.0115192,1.42262,-0.0980665,-0.254973,9.80665,171,518,171,3291,517,7556
1.18011, -0,-0,0, 0,0,0,0,0,0, -0.0268781,0.0115192,1.42262,-0.0980665,-0.254973,9.76742,171,520,171,3285,517,7557
1.19008, -0,-0,0, 0,0,0,0,0,0, -0.0268781,0.0115192,1.42262,-0.0980665,-0.254973,9.80665,171,520,171,3289,520,7565
1.2001, -0,-0,0, 0,0,0,0,0,0, -0.0268781,0.0115192,1.42262,-0.0980665,-0.254973,9.80665,171,519,171,3292,519,7563
1.21017, -0,-0,0, 0,0,0,0,0,0, -0.0268781,0.0115192,1.42262,-0.0980665,-0.254973,9.80665,171,519,171,3292,519,7563
1.22021, -0,-0,0, 0,0,0,0,0,0, -0.0268781,0.0115192,1.42262,-0.0980665,-0.254973,9.76742,172,519,171,3281,511,7563
1.23014, -0,-0,0, 0,0,0,0,0,0, -0.0268781,0.0115192,1.42262,-0.137293,-0.254973,9.80665,171,520,172,3290,526,7561
1.24008, -0,-0,0, 0,0,0,0,0,0, -0.0268781,0.0115192,1.42262,-0.0980665,-0.254973,9.80665,171,519,171,3292,516,7558
1.25008, -0,-0,0, 0,0,0,0,0,0, -0.0268781,0.0115192,1.42262,-0.137293,-0.254973,9.80665,171,518,171,3285,518,7561
1.26008, -0,-0,0, 0,0,0,0,0,0, -0.0268781,0.0115192,1.42262,-0.137293,-0.254973,9.76742,171,518,171,3284,519,7555
1.27011, 0.00930493,-0,0, 0,0,0,0,0,0, -0.0268781,0.0115192,1.42262,-0.137293,-0.254973,9.76742,171,520,171,3293,513,7555
1.28008, 0.141402,-0.0753213,0, 0,0,0,0,0,0, -0.0268781,0.0115192,1.42262,-0.0980665,-0.254973,9.80665,171,520,171,3290,517,7561
1.29007, 0.43862,-0.18265,0, 0,0,0,0,0,0, -0.0268781,0.0115192,1.42262,-0.0980665,-0.254973,9.80665,171,520,172,3285,518,7561
1.30008, 0.727582,-0.256955,0, 0,0,0,0,0,0, -0.0268781,0.0115192,1.42262,-0.0980665,-0.254973,9.80665,171,519,171,3286,509,7559
1.31005, 0.98352,-0.323003,0, 0,0,0,0,0,0, -0.0268781,0.0115192,1.42262,-0.137293,-0.254973,9.76742,171,520,171,3284,522,7555
1.32008, 1,-0.339515,0, 0,0,0,0,0,0, -0.0268781,0.0115192,1.42262,-0.137293,-0.254973,9.76742,171,520,171,3284,522,7555
1.3301, 1,-0.356027,0, 0,0,0,0,0,0, -0.0268781,0.0115192,1.42262,-0.0980665,-0.254973,9.80665,171,518,172,3292,520,7558
1.34017, 1,-0.356027,0, 0,0,0,0,0,0, -0.0268781,0.0115192,1.42262,-0.137293,-0.254973,9.76742,171,519,171,3288,516,7552
1.35013, 1,-0.356027,0, 0,0,0,0,0,0, -0.0268781,0.0113446,1.42244,0.666852,-1.1768,9.66936,171,518,171,3283,513,7558
1.36011, 1,-0.356027,0, 0,0,0,0,0,0, -0.0270526,0.0109956,1.42192,0.902212,-1.71616,9.85568,171,518,171,3282,518,7556
1.3701, 1,-0.356027,0, 0,0,0,0,0,0, -0.0275762,0.0106465,1.4214,1.775,-1.44158,10.5127,171,517,171,3298,517,7541
1.38008, 1,-0.356027,0, 0,0,0,0,0,0, -0.0277507,0.010472,1.42052,2.81451,-0.715885,10.5421,171,517,172,3319,517,7542
1.39008, 1,-0.356027,0, 0,0,0,0,0,0, -0.0272271,0.0109956,1.41983,1.51022,-0.294199,9.738,171,517,172,3306,517,7540
1.40011, 1,-0.356027,0, 0,0,0,0,0,0, -0.0270526,0.0120428,1.41948,0.480526,0.509946,11.6209,171,517,172,3307,517,7539
1.41009, 1,-0.356027,0, 0,0,0,0,0,0, -0.0268781,0.0125664,1.41983,-0.323619,-0.833565,8.89463,171,518,172,3314,523,7548
1.4201, 1,-0.356027,0, 0,0,0,0,0,0, -0.0268781,0.0118682,1.42122,0.20594,2.42224,8.02184,170,519,172,3318,523,7548
1.43014, 1,-0.356027,0, 0,0,0,0,0,0, -0.0268781,0.0118682,1.42122,0.20594,2.42224,8.02184,170,519,172,3318,523,7548
1.44014, 1,-0.356027,0, 0,0,0,0,0,0, -0.0279253,0.0111701,1.42297,3.61865,-0.912018,10.6206,170,519,172,3339,525,7561
1.45015, 1,-0.356027,0, 0,0,0,0,0,0, -0.0284489,0.0116937,1.42524,0.441299,1.57887,10.0812,170,519,171,3339,522,7587
1.46015, 1,-0.356027,0, 0,0,0,0,0,0, -0.0279253,0.0115192,1.43134,1.54945,-0.215746,9.434,170,518,171,3337,511,7600
1.47016, 1,-0.356027,0, 0,0,0,0,0,0, -0.0277507,0.0102974,1.43484,2.73606,-1.9123,12.9154,170,519,171,3376,516,7622
1.48009, 1,-0.356027,0, 0,0,0,0,0,0, -0.0279253,0.00907571,1.43833,4.4228,-0.254973,10.2381,169,519,171,3392,498,7685
1.4901, 1,-0.356027,0, 0,0,0,0,0,0, -0.0287979,0.00907571,1.44147,3.3931,-1.37293,8.43372,169,517,171,3404,482,7713
1.50017, 1,-0.356027,0, 0,0,0,0,0,0, -0.0294961,0.00872665,1.44426,1.28467,-1.75539,11.3169,168,516,171,3480,470,7739
1.51025, 1,-0.356027,0, 0,0,0,0,0,0, -0.029147,0.00837758,1.4467,3.01064,-0.451106,9.70858,168,518,171,3601,459,7759
1.52014, 1,-0.356027,0, 0,0,0,0,0,0, -0.0277507,0.00925024,1.44915,0.509946,1.96133,10.0812,167,517,171,3659,453,7784
1.53015, 1,-0.356027,0, 0,0,0,0,0,0, -0.0275762,0.0102974,1.45176,0.745305,-1.21602,10.5421,167,518,171,3725,444,7821
1.54023, 1,-0.356027,0, 0,0,0,0,0,0, -0.0275762,0.0102974,1.45176,0.745305,-1.21602,10.5421,167,518,171,3725,444,7821
1.55013, 1,-0.356027,0, 0,0,0,0,0,0, -0.0274017,0.0106465,1.45456,0.245166,-0.833565,9.77723,166,519,171,3894,442,7851
1.56018, 1,-0.356027,0, 0,0,0,0,0,0, -0.0261799,0.00959931,1.4577,2.81451,-0.333426,12.3466,165,518,171,4104,428,7868
1.57012, 1,-0.356027,0, 0,0,0,0,0,0, -0.0267035,0.00733038,1.46311,3.88343,1.11796,11.0423,164,518,171,4383,431,7877
1.58025, 1,-0.356027,0, 0,0,0,0,0,0, -0.026529,0.00733038,1.46503,5.04062,-3.02045,8.93386,164,518,171,1312,423,7865
1.59005, 1,-0.356027,0, 0,0,0,0,0,0, -0.026529,0.00820305,1.46677,0.627626,-0.411879,10.9344,162,517,171,1341,434,7847
1.60014, 1,-0.356027,0, 0,0,0,0,0,0, -0.0275762,0.00855211,1.468,2.39282,-0.529559,2.71644,161,518,172,1351,436,7839
1.61013, 1,-0.356027,0, 0,0,0,0,0,0, -0.0284489,0.00785398,1.46835,1.69655,0.931632,11.5817,161,518,172,1314,429,7806
1.6201, 1,-0.356027,0, 0,0,0,0,0,0, -0.0279253,0.00733038,1.468,5.26617,-0.833565,11.5032,161,516,172,1292,437,7767
1.63043, 1,-0.356027,0, 0,0,0,0,0,0, -0.0261799,0.00733038,1.4673,1.6279,-1.59848,10.1989,159,517,172,1250,434,7736
1.64008, 1,-0.356027,0, 0,0,0,0,0,0, -0.0247837,0.00855211,1.46677,0.627626,0.588399,9.23786,159,517,172,3262,436,7722
1.65017, 1,-0.356027,0, 0,0,0,0,0,0, -0.0247837,0.00855211,1.46677,0.627626,0.588399,9.23786,159,517,172,3262,436,7722
1.66012, 1,-0.356027,0, 0,0,0,0,0,0, -0.0260054,0.00907571,1.4659,2.39282,0.509946,11.0815,159,517,172,4579,443,7704
1.67011, 1,-0.356027,0, 0,0,0,0,0,0, -0.0272271,0.00855211,1.4652,1.73578,0.166713,8.06107,158,518,172,4568,436,7717
1.68008, 1,-0.356027,0, 0,0,0,0,0,0, -0.0289725,0.00663225,1.46451,-0.17652,1.39254,7.98261,158,518,172,4457,436,7730
1.69009, 1,-0.356027,0, 0,0,0,0,0,0, -0.0289725,0.00750492,1.46433,0.970858,-1.13757,8.47295,157,517,173,4372,444,7776
1.70007, 1,-0.356027,0, 0,0,0,0,0,0, -0.026529,0.00820305,1.46416,1.01008,1.73578,8.59063,156,516,173,4443,443,7791
1.71013, 1,-0.356027,0, 0,0,0,0,0,0, -0.0251327,0.00785398,1.46433,2.04959,-0.451106,7.77667,155,517,173,4563,437,7817
1.72008, 1,-0.356027,0, 0,0,0,0,0,0, -0.026529,0.00750492,1.46503,0.480526,-1.25525,9.738,154,517,173,4721,440,7824
1.73016, 1,-0.356027,0, 0,0,0,0,0,0, -0.0286234,0.00785398,1.46625,1.69655,0.588399,7.51189,153,516,173,4870,439,7850
1.74009, 1,-0.356027,0, 0,0,0,0,0,0, -0.0307178,0.00680678,1.4673,1.85346,-0.02942,13.3076,153,515,173,2746,440,7875
1.75013, 1,-0.356027,0, 0,0,0,0,0,0, -0.0310669,0.00680678,1.46817,2.27514,-1.40235,11.768,152,515,173,1348,436,7899
1.76016, 1,-0.356027,0, 0,0,0,0,0,0, -0.0310669,0.00680678,1.46817,2.27514,-1.40235,11.768,152,515,173,1348,436,7899
1.77012, 1,-0.356027,0, 0,0,0,0,0,0, -0.0293215,0.00837758,1.46922,-0.0196133,-0.558979,12.0818,151,516,173,1414,431,7919
1.78014, 1,-0.356027,0, 0,0,0,0,0,0, -0.0272271,0.00872665,1.47044,0.0980665,0.0490333,4.79545,151,514,174,1512,439,7928
1.79011, 1,-0.356027,0, 0,0,0,0,0,0, -0.0270526,0.00628319,1.47376,0.784532,-1.83384,15.7593,152,515,174,1580,442,7957
1.80013, 1,-0.356027,0, 0,0,0,0,0,0, -0.0312414,0.00663225,1.4755,1.73578,0.970858,9.66936,151,516,174,1590,440,7955
1.81009, 1,-0.356027,0, 0,0,0,0,0,0, -0.0321141,0.00767945,1.4769,2.69683,-4.08937,10.8854,151,515,174,1609,441,7962
1.82013, 1,-0.356027,0, 0,0,0,0,0,0, -0.0296706,0.00750492,1.4776,1.39254,-3.62846,11.8464,150,516,174,1634,439,7960
1.83013, 1,-0.347771,0, 0,0,0,0,0,0, -0.0277507,0.00680678,1.4776,1.43177,0.431493,14.1412,148,515,175,1632,449,7945
1.84018, 1,-0.339515,0, 0,0,0,0,0,0, -0.0277507,0.00680678,1.4769,0.745305,-2.55954,5.09946,147,515,175,1597,445,7913
1.85009, 1,-0.306491,0, 0,0,0,0,0,0, -0.0280998,0.00663225,1.47585,1.73578,-0.676659,9.23786,146,516,175,1526,446,7875
1.86008, 1,-0.289979,0, 0,0,0,0,0,0, -0.0289725,0.00558505,1.4748,1.24544,-2.59876,9.32612,146,516,175,1382,447,7803
1.87008, 1,-0.281723,0, 0,0,0,0,0,0, -0.0289725,0.00558505,1.4748,1.24544,-2.59876,9.32612,146,516,175,1382,447,7803
1.88016, 1,-0.273467,0, 0,0,0,0,0,0, -0.0314159,0.00575959,1.47306,0.0196133,-0.637432,13.9156,146,514,175,1309,442,7704
1.89011, 1,-0.273467,0, 0,0,0,0,0,0, -0.0322886,0.00680678,1.47027,0.323619,-2.17708,8.27681,146,514,176,1267,439,7572
1.90014, 1,-0.273467,0, 0,0,0,0,0,0, -0.0277507,0.00401426,1.46363,4.19725,-4.97197,12.3466,144,515,176,1256,433,7431
1.91017, 1,-0.273467,0, 0,0,0,0,0,0, -0.029147,0.00314159,1.46032,1.20622,0.00980665,13.7195,144,516,177,1250,447,7187
1.92009, 1,-0.273467,0, 0,0,0,0,0,0, -0.0312414,0.00349066,1.45665,1.20622,0.549172,4.75623,142,513,177,1259,438,7122
1.93012, 1,-0.273467,0, 0,0,0,0,0,0, -0.0301942,0.00453786,1.45334,-1.05912,-1.05912,8.48275,142,513,178,1280,430,7125
1.9401, 1,-0.273467,0, 0,0,0,0,0,0, -0.0282743,0.00558505,1.45072,1.97114,-0.637432,11.5424,142,511,178,1300,428,7137
1.95012, 1,-0.273467,0, 0,0,0,0,0,0, -0.0286234,0.00558505,1.44827,-2.28495,0.470719,9.12999,141,513,179,1316,435,7141
1.96011, 1,-0.265211,0, 0,0,0,0,0,0, -0.0287979,0.00610865,1.4467,0.970858,0.470719,10.3852,140,512,180,1336,443,7131
1.97013, 1,-0.265211,0, 0,0,0,0,0,0, -0.029147,0.00628319,1.44601,-2.44186,-0.215746,9.32612,138,512,180,1354,436,7125
1.98024, 1,-0.265211,0, 0,0,0,0,0,0, -0.029147,0.00628319,1.44601,-2.44186,-0.215746,9.32612,138,512,180,1354,436,7125
1.99013, 1,-0.265211,0, 0,0,0,0,0,0, -0.0303687,0.00575959,1.44548,2.19669,-0.676659,12.8075,137,513,180,1366,431,7135
2.00015, 1,-0.265211,0, 0,0,0,0,0,0, -0.0286234,0.00575959,1.44531,-0.862985,1.57887,4.99158,136,514,181,1410,436,7131
2.01009, 1,-0.265211,0, 0,0,0,0,0,0, -0.0279253,0.00610865,1.44758,-0.284393,-0.490333,7.55112,135,512,181,1439,434,7168
2.02007, 1,-0.265211,0, 0,0,0,0,0,0, -0.0277507,0.00715585,1.44985,0.20594,-0.980665,11.1207,134,512,181,1470,451,7156
2.03009, 1,-0.265211,0, 0,0,0,0,0,0, -0.0282743,0.00610865,1.45229,0.509946,1.15718,14.8375,132,511,181,1497,447,7145
2.0401, 1,-0.265211,0, 0,0,0,0,0,0, -0.0301942,0.00575959,1.45456,-1.59848,-1.09834,11.6209,132,512,182,1508,453,7166
2.05009, 1,-0.265211,0, 0,0,0,0,0,0, -0.0300197,0.00750492,1.45718,1.89268,-2.33398,16.4556,131,511,182,1527,456,7174
2.06003, 1,-0.265211,0, 0,0,0,0,0,0, -0.0270526,0.00698132,1.45927,0.166713,0.735499,-3.33426,130,511,182,1546,453,7163
2.07012, 1,-0.265211,0, 0,0,0,0,0,0, -0.0256563,0.00523599,1.46102,0.127486,0.470719,17.1028,129,509,182,1573,461,7170
2.08007, 1,-0.265211,0, 0,0,0,0,0,0, -0.0275762,0.00541052,1.46276,1.16699,-1.59848,12.5721,129,509,183,1605,467,7179
2.09011, 1,-0.248699,0, 0,0,0,0,0,0, -0.0275762,0.00541052,1.46276,1.16699,-1.59848,12.5721,129,509,183,1605,467,7179
2.10011, 1,-0.199162,0, 0,0,0,0,0,0, -0.0286234,0.00645772,1.46451,0.323619,-1.87307,6.90388,127,509,183,1658,461,7155
2.1101, 1,-0.18265,0, 0,0,0,0,0,0, -0.0282743,0.00593412,1.46538,-1.09834,1.01008,12.8859,125,509,183,1695,460,7159
2.12014, 1,-0.18265,0, 0,0,0,0,0,0, -0.0280998,0.00610865,1.4659,0.862985,-1.75539,12.1897,124,508,184,1729,471,7121
2.13012, 1,-0.18265,0, 0,0,0,0,0,0, -0.0272271,0.00645772,1.4659,1.54945,-1.63771,9.23786,123,507,184,1758,466,7116
2.14009, 1,-0.174394,0, 0,0,0,0,0,0, -0.0253073,0.00541052,1.46538,0.706079,-0.254973,6.40374,121,508,184,1791,472,7089
2.15011, 1,-0.116602,0, 0,0,0,0,0,0, -0.026529,0.00523599,1.46468,0.549172,0.892405,13.033,120,506,185,1818,465,7040
2.16009, 1,-0.108346,0, 0,0,0,0,0,0, -0.0287979,0.00698132,1.46346,-1.13757,0.813952,8.24739,120,506,185,1821,475,7028
2.17008, 1,-0.108346,0, 0,0,0,0,0,0, -0.0282743,0.00802851,1.46224,-0.362846,0.127486,3.33426,119,506,185,1837,470,6988
2.18007, 1,-0.108346,0, 0,0,0,0,0,0, -0.0277507,0.00645772,1.46049,-0.137293,1.89268,13.3076,119,505,186,1871,476,6952
2.19008, 1,-0.108346,0, 0,0,0,0,0,0, -0.0277507,0.00610865,1.4591,-0.755112,-2.0594,12.6898,117,504,186,1924,468,6927
2.20014, 1,-0.108346,0, 0,0,0,0,0,0, -0.0277507,0.00610865,1.4591,-0.755112,-2.0594,12.6898,117,504,186,1924,468,6927
2.2102, 1,-0.108346,0, 0,0,0,0,0,0, -0.0282743,0.00680678,1.45787,0.284393,-0.912018,12.0426,114,505,186,1987,475,6831
2.22015, 1,-0.108346,0, 0,0,0,0,0,0, -0.0293215,0.00663225,1.45595,-1.67694,1.65732,17.2891,114,503,187,2021,465,6778
2.23018, 1,-0.108346,0, 0,0,0,0,0,0, -0.0289725,0.00767945,1.45403,0.970858,-0.912018,12.0426,113,506,187,2061,472,6730
2.24008, 1,-0.108346,0, 0,0,0,0,0,0, -0.0274017,0.00663225,1.45124,1.28467,0.813952,4.37377,112,505,188,2078,473,6645
2.25009, 1,-0.108346,0, 0,0,0,0,0,0, -0.0287979,0.00593412,1.44985,0.245166,1.57887,9.00251,111,504,188,2117,472,6568
2.2601, 1,-0.108346,0, 0,0,0,0,0,0, -0.029147,0.00715585,1.44915,-0.441299,0.509946,11.1207,110,504,188,2162,466,6550
2.27007, 1,-0.108346,0, 0,0,0,0,0,0, -0.0284489,0.00750492,1.4488,-1.94172,-0.254973,8.20817,108,503,189,2205,471,6511
2.28008, 1,-0.108346,0, 0,0,0,0,0,0, -0.0284489,0.00645772,1.44862,-1.3239,0.853179,3.76575,107,503,189,2248,473,6451
2.29008, 1,-0.108346,0, 0,0,0,0,0,0, -0.0286234,0.00628319,1.44897,0.902212,0.392266,11.6601,105,503,189,2290,469,6442
2.30014, 1,-0.108346,0, 0,0,0,0,0,0, -0.0289725,0.00645772,1.45019,-0.480526,-1.71616,9.38496,103,504,189,2373,478,6417
2.31009, 1,-0.108346,0, 0,0,0,0,0,0, -0.0289725,0.00645772,1.45019,-0.480526,-1.71616,9.38496,103,504,189,2373,478,6417
2.32016, 1,-0.108346,0, 0,0,0,0,0,0, -0.0300197,0.00593412,1.45107,-0.137293,0.853179,11.9249,102,504,190,2417,480,6359
2.3301, 1,-0.100089,0, 0,0,0,0,0,0, -0.0303687,0.00680678,1.45159,-1.28467,0.166713,12.0818,101,502,190,2469,482,6342
2.3401, 1,-0.100089,0, 0,0,0,0,0,0, -0.0282743,0.00750492,1.45229,1.28467,-0.215746,5.13868,99,502,190,2501,493,6349
2.3502, 1,-0.100089,0, 0,0,0,0,0,0, -0.0270526,0.00541052,1.45299,-2.82432,1.11796,16.2987,98,502,191,2545,492,6304
2.36009, 1,-0.0918334,0, 0,0,0,0,0,0, -0.0305433,0.00593412,1.45299,1.31409,0.166713,10.7775,98,502,191,2596,490,6255
2.37007, 1,-0.0918334,0, 0,0,0,0,0,0, -0.0298451,0.00698132,1.45264,0.784532,-1.71616,8.4043,96,501,191,2636,492,6256
2.38015, 1,-0.0918334,0, 0,0,0,0,0,0, -0.0274017,0.00680678,1.45211,-3.43233,1.19641,9.5811,94,502,191,2685,489,6233
2.39003, 1,-0.0835773,0, 0,0,0,0,0,0, -0.0289725,0.00645772,1.45124,-0.254973,1.01008,14.7688,94,502,191,2739,500,6198
2.40015, 1,-0.0835773,0, 0,0,0,0,0,0, -0.0294961,0.00767945,1.45054,1.08854,-2.942,5.94283,93,503,192,2809,495,6176
2.41008, -0.248699,0.116634,0, 0,0,0,0,0,0, -0.0279253,0.00715585,1.44985,0.549172,2.00056,3.56962,91,499,192,2837,500,6112
2.4201, -0.0175289,0.0258171,0, 0,0,0,0,0,0, -0.0279253,0.00715585,1.44985,0.549172,2.00056,3.56962,91,499,192,2837,500,6112
2.43017, -0,-0,0, 0,0,0,0,0,0, -0.0294961,0.00558505,1.44897,0.0588399,4.72681,14.4942,90,501,192,2908,496,6082
2.44019, -0,-0,0, 0,0,0,0,0,0, -0.0305433,0.00593412,1.44775,-0.519752,-1.67694,7.98261,89,500,193,2950,496,6055
2.45023, -0,-0,0, 0,0,0,0,0,0, -0.0275762,0.00558505,1.44688,-0.755112,-0.215746,8.52198,88,500,193,2994,499,6038
2.46018, -0,-0,0, 0,0,0,0,0,0, -0.0279253,0.00174533,1.44478,2.04959,2.27514,11.0031,87,499,193,3055,511,6034
2.47008, -0,-0,0, 0,0,0,0,0,0, -0.0287979,0.00279253,1.44409,-3.43233,-0.1471,5.86438,87,499,193,3109,503,6037
2.48014, -0,-0,0, 0,0,0,0,0,0, -0.0277507,0.00383972,1.44339,-4.39338,-0.333426,5.21714,85,500,194,3186,503,6020
2.49008, -0,-0,0, 0,0,0,0,0,0, -0.0275762,0.00418879,1.44286,-0.755112,1.69655,9.70858,84,500,194,3255,502,6000
2.50001, -0,-0,0, 0,0,0,0,0,0, -0.0272271,0.00506145,1.44286,-2.93219,1.6181,10.8167,83,499,194,3297,502,5999
2.51066, -0,-0,0, 0,0,0,0,0,0, -0.0258309,0.00488692,1.44286,-5.50153,2.5007,7.12943,81,498,194,3350,499,5987
2.52003, -0,-0,0, 0,0,0,0,0,0, -0.0254818,0.00331613,1.44199,-1.94172,-0.215746,13.7195,81,499,194,3423,487,5961
2.53014, -0,-0,0, 0,0,0,0,0,0, -0.0254818,0.00331613,1.44199,-1.94172,-0.215746,13.7195,81,499,194,3423,487,5961
2.54017, -0,-0,0, 0,0,0,0,0,0, -0.0275762,0.00314159,1.44077,-3.3931,2.07901,15.0336,80,499,195,3460,497,5928
2.55012, -0,-0,0, 0,0,0,0,0,0, -0.0280998,0.00418879,1.43937,-5.39366,0.274586,7.5217,79,499,195,3499,493,5909
2.56012, 0.00930493,-0,0, 0,0,0,0,0,0, -0.0253073,0.00314159,1.4378,-3.97169,0.549172,7.32557,78,498,195,3537,495,5894
2.57133, 0.0340731,-0.00927281,0, 0,0,0,0,0,0, -0.0240855,-0.000174533,1.43449,-4.1286,-0.0686466,8.02184,78,497,195,3568,496,5868
2.58012, 0.0588413,-0.0918334,0, 0,0,0,0,0,0, -0.0258309,0.000174533,1.43239,-3.01064,0.274586,8.96328,77,498,195,3584,498,5845
2.5901, 0.0753534,-0.314747,0, 0,0,0,0,0,0, -0.0258309,0.00122173,1.43012,-4.77584,-0.411879,9.20844,77,497,195,3590,496,5832
2.60009, 0.0588413,-0.446844,0, 0,0,0,0,0,0, -0.0251327,0.000349066,1.4275,-4.05015,0.892405,11.3169,76,497,195,3598,503,5826
2.61008, 0.0505852,-0.636733,0, 0,0,0,0,0,0, -0.0261799,-0.000523599,1.42471,-3.81479,0.313813,11.768,75,497,195,3633,494,5806
2.62012, 0.0588413,-0.76883,0, 0,0,0,0,0,0, -0.0268781,-0.000174533,1.42209,-4.08937,0.470719,10.0518,74,498,196,3623,496,5777
2.63009, 0.0588413,-0.966976,0, 0,0,0,0,0,0, -0.0267035,0.000174533,1.41983,-4.47183,-0.490333,8.90444,74,497,196,3633,492,5756
2.64016, 0.0588413,-1,0, 0,0,0,0,0,0, -0.0267035,0.000174533,1.41983,-4.47183,-0.490333,8.90444,74,497,196,3633,492,5756
2.65011, 0.0588413,-1,0, 0,0,0,0,0,0, -0.0263545,-0.000349066,1.41773,-3.27542,0.392266,10.8167,74,498,196,3636,494,5719
2.66015, 0.0588413,-1,0, 0,0,0,0,0,0, -0.0258309,-0.0015708,1.41599,-2.89296,0.00980665,10.4343,74,500,196,3641,487,5713
2.67009, 0.0588413,-1,0, 0,0,0,0,0,0, -0.0256563,-0.00244346,1.41494,-2.74586,-0.0686466,9.15941,73,499,196,3686,496,5701
2.68007, 0.0588413,-1,0, 0,0,0,0,0,0, -0.0267035,-0.00244346,1.41441,-3.77556,0.0882598,9.2869,73,499,196,3703,494,5708
2.69008, 0.0588413,-1,0, 0,0,0,0,0,0, -0.0268781,-0.00226893,1.41546,-4.1286,-2.90277,8.48275,73,498,196,3735,493,5707
2.70012, 0.0588413,-1,0, 0,0,0,0,0,0, -0.0260054,-0.0020944,1.41703,-4.58951,1.23564,11.3463,72,497,196,3790,495,5715
2.71008, 0.0588413,-1,0, 0,0,0,0,0,0, -0.026529,-0.00261799,1.41948,-2.12804,-0.794339,11.16,72,498,196,3906,486,5757
2.72008, 0.0670974,-1,0, 0,0,0,0,0,0, -0.0277507,-0.00279253,1.42297,-2.47128,-1.52003,8.8554,72,496,196,3965,487,5790
2.73013, 0.0670974,-1,0, 0,0,0,0,0,0, -0.0275762,-0.00366519,1.42768,-0.862985,-0.833565,6.70775,71,496,196,3971,485,5829
2.74009, 0.0670974,-1,0, 0,0,0,0,0,0, -0.0268781,-0.00436332,1.43344,-2.74586,-0.294199,9.20844,71,497,196,3979,486,5920
2.7501, 0.0670974,-1,0, 0,0,0,0,0,0, -0.0268781,-0.00436332,1.43344,-2.74586,-0.294199,9.20844,71,497,196,3979,486,5920
2.7601, 0.0670974,-1,0, 0,0,0,0,0,0, -0.026529,-0.00453786,1.44025,-3.89324,-0.715885,7.20789,71,497,196,4028,493,5964
2.77009, 0.0670974,-1,0, 0,0,0,0,0,0, -0.0272271,-0.00471239,1.44845,-1.55926,-1.3337,10.4245,71,496,196,4043,505,6051
2.78008, 0.0670974,-1,0, 0,0,0,0,0,0, -0.0280998,-0.00383972,1.45787,-2.89296,-0.637432,9.38496,70,496,196,4112,519,6087
2.79008, 0.0670974,-1,0, 0,0,0,0,0,0, -0.0287979,-0.00383972,1.47899,-0.519752,-0.558979,9.70858,70,495,196,4244,527,6120
2.80007, 0.0670974,-1,0, 0,0,0,0,0,0, -0.0286234,-0.00418879,1.49016,-2.82432,-0.333426,8.70831,70,495,196,4386,538,6134
2.81013, 0.0753534,-1,0, 0,0,0,0,0,0, -0.0279253,-0.00401426,1.50186,-3.73633,0.588399,7.39421,70,496,196,4437,538,6139
2.82013, 0.0753534,-1,0, 0,0,0,0,0,0, -0.0287979,-0.00436332,1.51425,2.08882,0.274586,12.1897,69,494,196,4494,544,6108
2.83023, 0.0753534,-1,0, 0,0,0,0,0,0, -0.0286234,-0.00261799,1.52769,-2.44186,-3.90305,13.9941,70,494,196,4598,526,6070
2.84013, 0.0753534,-1,0, 0,0,0,0,0,0, -0.0277507,-0.0020944,1.542,-0.402073,0.353039,8.16894,70,495,196,4513,511,6044
2.85011, 0.0753534,-1,0, 0,0,0,0,0,0, -0.0284489,-0.00383972,1.55631,-0.402073,0.274586,9.738,70,496,197,4507,515,5897
2.86018, 0.0753534,-1,0, 0,0,0,0,0,0, -0.0284489,-0.00383972,1.55631,-0.402073,0.274586,9.738,70,496,197,4507,515,5897
2.87013, 0.0753534,-1,0, 0,0,0,0,0,0, -0.0277507,-0.00436332,1.57149,-2.08882,-2.82432,8.58082,70,496,197,4541,526,5835
2.88014, 0.0753534,-1,0, 0,0,0,0,0,0, -0.0274017,-0.00453786,1.58755,-0.441299,0.588399,9.05154,72,498,198,3769,516,5836
2.89018, 0.0753534,-1,0, 0,0,0,0,0,0, -0.0300197,-0.00349066,1.60413,-4.19725,0.813952,15.9946,70,497,198,2941,512,5786
2.90014, 0.0753534,-1,0, 0,0,0,0,0,0, -0.0307178,-0.00261799,1.63747,-0.0980665,-2.0594,10.6991,69,498,199,4157,477,5687
2.91008, 0.0753534,-1,0, 0,0,0,0,0,0, -0.0274017,-0.00314159,1.65387,-3.27542,-0.1471,12.425,71,499,200,4258,467,5586
2.92017, 0.0753534,-1,0, 0,0,0,0,0,0, -0.0263545,-0.00244346,1.67028,-3.58923,-1.40235,9.23786,72,502,201,3726,480,5505
2.93008, 0.0753534,-1,0, 0,0,0,0,0,0, -0.0280998,-0.00244346,1.68686,2.47128,1.85346,4.5699,72,499,201,3664,306,5417
2.94007, 0.0753534,-1,0, 0,0,0,0,0,0, -0.0307178,-0.00261799,1.70309,0.323619,-1.29448,10.7383,73,497,202,3338,161,5297
2.95013, 0.0753534,-1,0, 0,0,0,0,0,0, -0.0314159,-0.0015708,1.71863,1.6279,-0.676659,9.81646,73,490,203,3264,163,5089
2.96014, 0.0753534,-1,0, 0,0,0,0,0,0, -0.0301942,-0.000174533,1.73398,-1.21602,-0.872792,9.20844,74,474,203,3148,186,4700
2.97008, 0.0753534,-1,0, 0,0,0,0,0,0, -0.0301942,-0.000174533,1.73398,-1.21602,-0.872792,9.20844,74,474,203,3148,186,4700
2.98013, 0.0753534,-1,0, 0,0,0,0,0,0, -0.0286234,0.000698132,1.74865,-2.08882,-0.333426,11.0815,74,449,204,3027,221,4775
2.99016, 0.0753534,-1,0, 0,0,0,0,0,0, -0.0277507,0.000349066,1.76278,-2.78509,-0.411879,8.47295,74,421,205,3119,239,4873
3.00015, 0.0753534,-1,0, 0,0,0,0,0,0, -0.0282743,-0.000872665,1.77692,1.04931,-0.333426,9.12999,74,391,206,3120,275,4887
3.01, 0.0753534,-1,0, 0,0,0,0,0,0, -0.029147,0.0015708,1.80345,-1.90249,-1.75539,9.65955,74,360,207,3017,324,4855
3.02014, 0.0753534,-1,0, 0,0,0,0,0,0, -0.0289725,0.00191986,1.81567,1.89268,-0.912018,8.23759,76,337,208,2817,364,4756
3.03002, 0.0836095,-1,0, 0,0,0,0,0,0, -0.029147,0.000698132,1.82719,1.20622,-0.372653,8.09049,75,306,209,2845,424,4588
3.04009, 0.0753534,-1,0, 0,0,0,0,0,0, -0.0268781,0.000349066,1.83801,-0.755112,-1.52003,5.71728,75,294,209,2936,442,4417
3.05005, 0.0753534,-1,0, 0,0,0,0,0,0, -0.0275762,-0.000523599,1.84795,1.97114,-1.01989,13.3763,76,284,211,2936,461,4273
3.06008, 0.0753534,-1,0, 0,0,0,0,0,0, -0.0305433,-0.000523599,1.85651,2.19669,-1.21602,15.3768,76,276,212,2943,493,4088
3.07009, 0.0753534,-1,0, 0,0,0,0,0,0, -0.0296706,0.00226893,1.86436,-1.70636,-2.52031,11.9641,77,268,213,2921,519,3991
3.08001, 0.0753534,-1,0, 0,0,0,0,0,0, -0.0296706,0.00226893,1.86436,-1.70636,-2.52031,11.9641,77,268,213,2921,519,3991
3.0901, 0.0753534,-1,0, 0,0,0,0,0,0, -0.0274017,0.00471239,1.87204,-5.19752,1.69655,7.09021,77,263,214,2876,543,3886
3.10009, 0.0753534,-1,0, 0,0,0,0,0,0, -0.0274017,0.00453786,1.87954,-1.21602,0.23536,9.08096,77,255,215,2853,572,3778
3.11008, 0.0753534,-1,0, 0,0,0,0,0,0, -0.0274017,0.00366519,1.88653,-1.44158,-0.951245,6.6293,78,250,216,2787,608,3677
3.12009, 0.0753534,-1,0, 0,0,0,0,0,0, -0.0258309,0.00279253,1.89351,-2.62818,1.0395,7.94339,78,244,217,2761,654,3601
3.1301, 0.0753534,-1,0, 0,0,0,0,0,0, -0.0274017,0.000523599,1.90625,1.54945,-0.980665,14.6806,79,240,218,2712,692,3552
3.14008, 0.0753534,-1,0, 0,0,0,0,0,0, -0.0279253,0.00261799,1.91201,1.20622,-2.0594,11.8857,79,233,219,2722,751,3545
3.15008, 0.0753534,-1,0, 0,0,0,0,0,0, -0.0279253,0.00541052,1.9169,0.549172,-0.598206,11.2776,79,229,220,2710,772,3544
3.16008, 0.0753534,-1,0, 0,0,0,0,0,0, -0.0270526,0.00610865,1.92108,-1.25525,-1.13757,7.93358,79,228,220,2680,796,3524
3.17009, 0.0753534,-1,0, 0,0,0,0,0,0, -0.0261799,0.00506145,1.92492,0.245166,-0.637432,9.09076,80,227,221,2682,817,3509
3.1801, 0.0753534,-1,0, 0,0,0,0,0,0, -0.0258309,0.00401426,1.92824,0.441299,-1.55926,9.16922,80,226,222,2654,827,3510
3.19009, 0.0753534,-1,0, 0,0,0,0,0,0, -0.0258309,0.00401426,1.92824,0.441299,-1.55926,9.16922,80,226,222,2654,827,3510
3.20013, 0.0753534,-1,0, 0,0,0,0,0,0, -0.0253073,0.00349066,1.93086,-0.284393,-0.17652,8.47295,80,225,223,2634,843,3502
3.21016, 0.0753534,-1,0, 0,0,0,0,0,0, -0.0260054,0.00314159,1.9333,-0.637432,-0.215746,8.28662,80,223,224,2628,846,3498
3.22016, 0.0753534,-1,0, 0,0,0,0,0,0, -0.0274017,0.00366519,1.93557,-1.1768,-0.637432,12.0033,80,223,224,2621,845,3482
3.23015, 0.0753534,-1,0, 0,0,0,0,0,0, -0.0277507,0.00488692,1.93732,-0.0980665,-2.59876,11.0815,79,223,225,2656,850,3468
3.24013, 0.0753534,-1,0, 0,0,0,0,0,0, -0.0244346,0.00523599,1.93836,-0.833565,-0.215746,9.50264,79,224,225,2655,848,3459
3.25, 0.0753534,-1,0, 0,0,0,0,0,0, -0.023911,0.00488692,1.93801,-0.0196133,-1.75539,4.79545,80,222,225,2688,848,3449
3.26013, 0.0753534,-1,0, 0,0,0,0,0,0, -0.0240855,0.00523599,1.93732,-2.86354,0.696272,13.9156,79,222,225,2684,849,3435
3.27012, 0.0753534,-1,0, 0,0,0,0,0,0, -0.0246091,0.00558505,1.93662,-1.21602,-1.01989,8.59063,79,224,226,2696,845,3429
3.28014, 0.0753534,-1,0, 0,0,0,0,0,0, -0.0244346,0.00558505,1.93592,-1.4808,-2.29476,6.94311,80,224,227,2670,844,3427
3.29012, 0.0753534,-1,0, 0,0,0,0,0,0, -0.0235619,0.00558505,1.9354,-4.1286,1.85346,9.35554,80,224,227,2657,839,3410
3.30001, 0.0753534,-1,0, 0,0,0,0,0,0, -0.0235619,0.00558505,1.9354,-4.1286,1.85346,9.35554,80,224,227,2657,839,3410
3.31013, 0.0753534,-1,0, 0,0,0,0,0,0, -0.0242601,0.00453786,1.9347,1.66713,-0.107873,7.78648,80,222,228,2642,833,3388
3.32024, 0.0753534,-1,0, 0,0,0,0,0,0, -0.0254818,0.00383972,1.93417,1.775,-2.02017,11.3463,79,223,228,2639,832,3378
3.3301, 0.0753534,-1,0, 0,0,0,0,0,0, -0.0251327,0.00471239,1.9333,1.12776,-0.558979,10.2381,78,223,228,2552,831,3379
3.34012, 0.0753534,-1,0, 0,0,0,0,0,0, -0.0242601,0.00593412,1.93173,-1.78481,-0.794339,10.0812,78,224,229,2345,804,3372
3.35012, 0.0753534,-1,0, 0,0,0,0,0,0, -0.0230383,0.00698132,1.92789,-2.47128,1.11796,11.6993,80,226,229,2429,782,3357
3.36011, 0.0753534,-1,0, 0,0,0,0,0,0, -0.0225147,0.00593412,1.9258,2.11824,-0.912018,0.696272,80,227,229,2584,762,3340
3.37013, 0.0753534,-1,0, 0,0,0,0,0,0, -0.0221657,0.00541052,1.9237,-3.27542,0.0490333,9.38496,79,227,229,2643,743,3323
3.38009, 0.0753534,-1,0, 0,0,0,0,0,0, -0.0219911,0.00541052,1.92161,-6.23703,-1.63771,14.0333,79,229,230,2660,731,3321
3.39012, 0.0753534,-1,0, 0,0,0,0,0,0, -0.0233874,0.00453786,1.91969,1.01008,-2.942,9.42419,79,233,231,2650,718,3303
3.40012, 0.0753534,-1,0, 0,0,0,0,0,0, -0.0235619,0.00453786,1.91794,-4.62874,2.69683,7.5217,79,233,231,2573,703,3282
3.41006, 0.0753534,-1,0, 0,0,0,0,0,0, -0.0235619,0.00453786,1.91794,-4.62874,2.69683,7.5217,79,233,231,2573,703,3282
3.42021, 0.0753534,-1,0, 0,0,0,0,0,0, -0.0226893,0.00453786,1.9162,-1.55926,0.696272,4.53067,78,234,231,2504,704,3264
3.43012, 0.0753534,-1,0, 0,0,0,0,0,0, -0.0226893,0.00488692,1.9148,1.12776,0.549172,12.9546,77,234,231,2431,685,3261
3.44016, 0.0753534,-1,0, 0,0,0,0,0,0, -0.0209439,0.00698132,1.91375,-4.65816,-0.558979,6.28606,79,238,232,2444,674,3256
3.45012, 0.0753534,-1,0, 0,0,0,0,0,0, -0.0205949,0.00733038,1.91236,-4.58951,1.69655,9.42419,79,239,232,2491,657,3241
3.46007, 0.0753534,-1,0, 0,0,0,0,0,0, -0.0214676,0.00558505,1.90939,1.6279,-1.63771,8.16894,79,242,233,2418,642,3233
3.47006, 0.0753534,-1,0, 0,0,0,0,0,0, -0.0188496,0.00558505,1.90764,-4.19725,-0.951245,2.45166,78,242,233,2417,636,3229
3.48009, 0.0753534,-1,0, 0,0,0,0,0,0, -0.0202458,0.00349066,1.90555,1.08854,-1.67694,15.1513,79,245,233,2376,637,3209
3.49007, 0.0836095,-1,0, 0,0,0,0,0,0, -0.0232129,0.00401426,1.90311,4.68758,-1.63771,14.8767,79,247,234,2321,625,3180
3.50008, 0.0836095,-1,0, 0,0,0,0,0,0, -0.0230383,0.00767945,1.90066,-9.41438,-0.755112,7.28634,80,249,234,2436,618,3184
3.51013, 0.0753534,-1,0, 0,0,0,0,0,0, -0.0221657,0.00820305,1.89822,2.3536,1.6181,8.73773,79,251,235,2458,599,3179
3.52005, 0.0836095,-1,0, 0,0,0,0,0,0, -0.0221657,0.00820305,1.89822,2.3536,1.6181,8.73773,79,251,235,2458,599,3179
3.53014, 0.0836095,-1,0, 0,0,0,0,0,0, -0.0205949,0.00645772,1.89578,0.823759,-3.246,8.56121,79,252,235,2469,594,3162
3.54013, 0.0836095,-1,0, 0,0,0,0,0,0, -0.0181514,0.00610865,1.89316,-2.82432,2.11824,9.19864,80,258,235,2673,585,3141
3.55007, 0.0836095,-1,0, 0,0,0,0,0,0, -0.0179769,0.00488692,1.89072,-0.941438,-0.215746,13.5332,80,260,236,2845,584,3141
3.56009, 0.0836095,-1,0, 0,0,0,0,0,0, -0.0198968,0.00401426,1.8888,2.77528,-1.52003,12.5035,80,262,236,2978,576,3155
3.57008, 0.0836095,-1,0, 0,0,0,0,0,0, -0.0244346,0.00575959,1.88478,-0.715885,-0.333426,8.23759,79,264,236,2940,559,3134
3.58004, 0.0836095,-1,0, 0,0,0,0,0,0, -0.023911,0.00593412,1.88199,1.01008,-1.98094,13.337,76,266,237,2387,540,3120
3.59009, 0.0836095,-1,0, 0,0,0,0,0,0, -0.0205949,0.00593412,1.87867,0.245166,0.20594,8.77695,74,270,238,1906,538,3108
3.60007, 0.0836095,-1,0, 0,0,0,0,0,0, -0.0188496,0.00575959,1.87518,0.323619,-1.3337,10.5029,82,273,238,2111,528,3108
3.61015, 0.0836095,-1,0, 0,0,0,0,0,0, -0.0191986,0.00575959,1.87169,-1.52003,0.00980665,12.5035,82,277,238,2820,520,3126
3.62012, 0.0836095,-1,0, 0,0,0,0,0,0, -0.0205949,0.00663225,1.86837,-0.558979,0.931632,6.82543,79,279,238,3113,508,3138
3.63005, 0.0836095,-1,0, 0,0,0,0,0,0, -0.0205949,0.00663225,1.86837,-0.558979,0.931632,6.82543,79,279,238,3113,508,3138
3.64013, 0.0836095,-1,0, 0,0,0,0,0,0, -0.0218166,0.00663225,1.86488,0.166713,-0.411879,7.8159,78,282,239,3053,493,3141
3.65009, 0.0836095,-1,0, 0,0,0,0,0,0, -0.0219911,0.00575959,1.86157,-0.833565,-0.107873,7.98261,78,289,239,2994,472,3138
3.66008, 0.0836095,-1,0, 0,0,0,0,0,0, -0.021293,0.00541052,1.85825,-0.902212,-1.1768,9.24767,78,294,239,3030,462,3134
3.67003, 0.0836095,-1,0, 0,0,0,0,0,0, -0.0211185,0.00523599,1.85528,0.931632,0.0882598,12.9546,78,296,240,3060,446,3142
3.68014, 0.0836095,-1,0, 0,0,0,0,0,0, -0.0218166,0.00785398,1.84987,-0.0196133,0.431493,12.8859,78,300,240,3055,442,3159
3.69009, 0.0836095,-1,0, 0,0,0,0,0,0, -0.0202458,0.00750492,1.84743,-1.25525,1.53964,7.6688,78,303,240,3043,422,3161
3.70008, 0.0836095,-1,0, 0,0,0,0,0,0, -0.0188496,0.00628319,1.84499,0.902212,0.166713,8.78676,78,307,241,3032,410,3173
3.71008, 0.0836095,-1,0, 0,0,0,0,0,0, -0.0190241,0.00610865,1.84237,-2.02017,1.6181,8.48275,78,310,242,3023,412,3172
3.72009, 0.0836095,-1,0, 0,0,0,0,0,0, -0.0198968,0.00610865,1.8401,1.12776,1.39254,14.8375,78,310,242,3070,395,3178
3.73008, 0.0836095,-1,0, 0,0,0,0,0,0, -0.0207694,0.00663225,1.83801,0.970858,-1.3337,13.2292,78,311,242,3072,372,3181
3.74015, 0.0836095,-1,0, 0,0,0,0,0,0, -0.0221657,0.00820305,1.83591,-1.4808,0.392266,12.0033,78,317,242,2987,363,3189
3.75013, 0.0836095,-1,0, 0,0,0,0,0,0, -0.0221657,0.00820305,1.83591,-1.4808,0.392266,12.0033,78,317,242,2987,363,3189
3.7601, 0.0836095,-1,0, 0,0,0,0,0,0, -0.0230383,0.00925024,1.83382,0.588399,0.274586,12.2681,78,319,243,2984,350,3182
3.77009, 0.108378,-1,0, 0,0,0,0,0,0, -0.0218166,0.00942478,1.83155,1.97114,-1.52003,8.86521,78,322,243,3002,346,3194
3.78011, 0.108378,-1,0, 0,0,0,0,0,0, -0.0193732,0.00959931,1.82928,-1.78481,0.657046,10.6991,78,325,244,3024,327,3202
3.79007, 0.108378,-1,0, 0,0,0,0,0,0, -0.0198968,0.00907571,1.82439,1.01008,0.313813,3.56962,78,326,244,3056,321,3199
3.80002, 0.108378,-1,0, 0,0,0,0,0,0, -0.0214676,0.00907571,1.82247,0.509946,-2.29476,14.2981,78,327,244,3115,322,3197
3.81009, 0.108378,-1,0, 0,0,0,0,0,0, -0.021293,0.0109956,1.82055,-1.86326,0.549172,13.5332,78,330,246,3106,307,3206
3.82008, 0.108378,-1,0, 0,0,0,0,0,0, -0.0221657,0.0115192,1.81881,-3.93247,0.0882598,5.06023,78,333,246,3095,311,3205
3.83009, 0.108378,-1,0, 0,0,0,0,0,0, -0.0242601,0.00994838,1.81724,2.08882,-1.55926,10.1597,78,334,246,3094,314,3188
3.84009, 0.108378,-1,0, 0,0,0,0,0,0, -0.0230383,0.0106465,1.81602,2.15746,-0.372653,10.8952,78,339,247,3078,330,3174
3.85014, 0.108378,-1,0, 0,0,0,0,0,0, -0.0193732,0.0125664,1.81444,-2.58896,0.470719,5.63882,79,342,247,3356,327,3170
3.86013, 0.108378,-1,0, 0,0,0,0,0,0, -0.0193732,0.0125664,1.81444,-2.58896,0.470719,5.63882,79,342,247,3356,327,3170
3.87018, 0.108378,-1,0, 0,0,0,0,0,0, -0.0185005,0.0125664,1.81322,-4.01092,2.61838,11.5817,79,341,248,3349,308,3156
3.88009, 0.108378,-1,0, 0,0,0,0,0,0, -0.0200713,0.0118682,1.81287,2.31437,-0.372653,9.80665,78,342,249,3302,311,3147
3.89008, 0.108378,-1,0, 0,0,0,0,0,0, -0.021293,0.0125664,1.8127,0.166713,-0.411879,10.346,78,342,249,3120,317,3134
3.90008, 0.108378,-1,0, 0,0,0,0,0,0, -0.0228638,0.0146608,1.81148,0.745305,-1.4808,14.8767,78,342,250,3000,314,3139
3.9101, 0.108378,-1,0, 0,0,0,0,0,0, -0.0214676,0.0151844,1.81043,-1.70636,2.23592,7.36479,78,344,250,2964,300,3117
3.92013, 0.108378,-1,0, 0,0,0,0,0,0, -0.0214676,0.0137881,1.80973,-0.284393,2.23592,8.52198,79,346,251,2925,299,3101
3.9301, 0.108378,-1,0, 0,0,0,0,0,0, -0.0216421,0.013439,1.80938,1.81423,-1.01989,8.12971,79,347,251,2909,300,3095
3.9401, 0.108378,-1,0, 0,0,0,0,0,0, -0.0216421,0.0150098,1.80903,-1.4808,1.42196,13.7195,79,348,252,2833,299,3085
3.95009, 0.108378,-1,0, 0,0,0,0,0,0, -0.0237365,0.0162316,1.80903,0.627626,0.431493,10.8952,77,349,252,2471,294,3062
3.9602, 0.108378,-1,0, 0,0,0,0,0,0, -0.0240855,0.0162316,1.80886,0.480526,-0.872792,9.84588,77,348,253,2266,297,3040
3.97016, 0.108378,-1,0, 0,0,0,0,0,0, -0.0240855,0.0162316,1.80886,0.480526,-0.872792,9.84588,77,348,253,2266,297,3040
3.98016, 0.108378,-1,0, 0,0,0,0,0,0, -0.0209439,0.0165806,1.80868,2.08882,0.509946,12.1504,77,348,254,2077,298,3019
3.99014, 0.108378,-1,0, 0,0,0,0,0,0, -0.0188496,0.0167552,1.80886,0.549172,2.07901,9.46342,79,347,254,2068,301,3000
4.00019, 0.108378,-1,0, 0,0,0,0,0,0, -0.0204204,0.016057,1.80938,2.97142,-2.59876,10.2774,80,347,254,1984,305,2986
4.01013, 0.108378,-1,0, 0,0,0,0,0,0, -0.0228638,0.0181514,1.81148,-1.55926,-0.451106,7.47267,81,346,255,1894,304,2970
4.02009, 0.108378,-1,0, 0,0,0,0,0,0, -0.0226893,0.0171042,1.81252,1.04931,-0.872792,12.8859,79,342,256,1838,309,2917
4.03007, 0.108378,-1,0, 0,0,0,0,0,0, -0.0223402,0.016057,1.81392,2.77528,-0.637432,15.5239,79,342,257,1959,314,2885
4.04008, 0.108378,-1,0, 0,0,0,0,0,0, -0.0207694,0.0181514,1.81584,0.862985,0.735499,10.8167,80,339,258,2170,332,2861
4.0501, 0.108378,-1,0, 0,0,0,0,0,0, -0.0204204,0.0202458,1.81828,-1.59848,0.392266,14.3765,81,337,259,1989,328,2838
4.06008, 0.108378,-1,0, 0,0,0,0,0,0, -0.0218166,0.0200713,1.82073,0.127486,1.11796,13.2684,80,333,260,2120,336,2813
4.07014, 0.108378,-1,0, 0,0,0,0,0,0, -0.0223402,0.0185005,1.82335,2.23592,-0.02942,7.93358,81,331,260,2232,354,2786
4.08015, 0.108378,-1,0, 0,0,0,0,0,0, -0.0223402,0.0185005,1.82335,2.23592,-0.02942,7.93358,81,331,260,2232,354,2786
4.09012, 0.108378,-1,0, 0,0,0,0,0,0, -0.0207694,0.018675,1.82596,2.04959,1.19641,9.63013,81,329,261,2301,361,2760
4.10008, 0.108378,-1,0, 0,0,0,0,0,0, -0.018675,0.0193732,1.82876,1.01008,0.0882598,6.02128,82,328,262,2210,352,2758
4.11008, 0.108378,-1,0, 0,0,0,0,0,0, -0.0204204,0.0193732,1.8319,-0.0196133,1.11796,12.121,82,324,263,2044,354,2769
4.12008, 0.108378,-1,0, 0,0,0,0,0,0, -0.0235619,0.0209439,1.83539,-1.67694,-0.294199,12.8467,82,321,264,1990,353,2738
4.13009, 0.108378,-1,0, 0,0,0,0,0,0, -0.0223402,0.0207694,1.84237,0.931632,-1.59848,12.8075,82,318,265,2047,369,2727
4.14009, 0.108378,-1,0, 0,0,0,0,0,0, -0.0193732,0.021293,1.84603,1.28467,0.657046,11.464,82,316,266,2267,373,2717
4.15012, 0.108378,-1,0, 0,0,0,0,0,0, -0.0179769,0.0223402,1.84987,-2.89296,-1.09834,5.67805,83,308,266,2219,402,2711
4.16009, 0.108378,-1,0, 0,0,0,0,0,0, -0.0200713,0.0225147,1.85354,-2.16727,3.07929,7.55112,83,305,268,2111,418,2692
4.17011, 0.108378,-1,0, 0,0,0,0,0,0, -0.0226893,0.0221657,1.8572,2.77528,-2.55954,10.6598,84,301,268,2246,430,2670
4.17999, 0.108378,-1,0, 0,0,0,0,0,0, -0.021293,0.0230383,1.86052,0.627626,0.735499,9.50264,84,299,268,2246,430,2670
4.19012, 0.108378,-1,0, 0,0,0,0,0,0, -0.021293,0.0230383,1.86052,0.627626,0.735499,9.50264,84,299,268,2087,436,2646
4.2001, 0.108378,-1,0, 0,0,0,0,0,0, -0.0185005,0.0233874,1.86384,-5.27598,1.31409,3.87363,84,295,270,1928,446,2629
4.21014, 0.108378,-1,0, 0,0,0,0,0,0, -0.0198968,0.0228638,1.86733,1.97114,-1.9123,12.6506,84,292,271,1982,470,2613
4.22012, 0.108378,-1,0, 0,0,0,0,0,0, -0.0221657,0.0232129,1.87099,2.31437,-0.294199,10.0028,84,290,271,2072,484,2580
4.23008, 0.108378,-1,0, 0,0,0,0,0,0, -0.0218166,0.0240855,1.87379,0.127486,-0.980665,11.3855,84,288,272,2219,494,2562
4.24007, 0.108378,-1,0, 0,0,0,0,0,0, -0.0195477,0.0247837,1.87693,-0.137293,-1.52003,6.97253,85,287,274,2151,498,2548
4.25013, 0.108378,-1,0, 0,0,0,0,0,0, -0.0171042,0.0246091,1.87797,0.20594,0.23536,6.06051,84,289,274,2219,512,2537
4.26015, 0.108378,-1,0, 0,0,0,0,0,0, -0.0174533,0.0242601,1.87937,0.362846,0.774725,14.8767,84,286,275,2153,520,2529
4.27016, 0.108378,-1,0, 0,0,0,0,0,0, -0.0193732,0.0251327,1.88077,-0.0980665,-1.52003,7.51189,85,282,275,2115,526,2524
4.28015, 0.108378,-1,0, 0,0,0,0,0,0, -0.0205949,0.0261799,1.88216,0.323619,-0.637432,9.69878,85,283,276,2002,525,2502
4.29, 0.108378,-1,0, 0,0,0,0,0,0, -0.021293,0.0261799,1.88321,-2.5105,-0.951245,10.0126,85,282,276,1840,520,2500
4.30016, 0.108378,-1,0, 0,0,0,0,0,0, -0.021293,0.0261799,1.88321,-2.5105,-0.951245,10.0126,85,282,276,1840,520,2500
4.31016, 0.108378,-1,0, 0,0,0,0,0,0, -0.021293,0.0249582,1.88338,1.24544,-1.13757,8.43372,85,283,276,1873,515,2483
4.32011, 0.108378,-1,0, 0,0,0,0,0,0, -0.0204204,0.0240855,1.88304,2.39282,-1.52003,11.2776,84,284,277,2060,513,2487
4.3301, 0.108378,-1,0, 0,0,0,0,0,0, -0.0191986,0.0253073,1.88216,1.66713,-1.21602,13.033,84,286,277,2078,495,2484
4.34009, 0.108378,-1,0, 0,0,0,0,0,0, -0.0188496,0.0272271,1.88059,-3.55001,-0.1471,8.96328,84,286,277,2005,482,2480
4.35011, 0.108378,-1,0, 0,0,0,0,0,0, -0.0209439,0.0275762,1.87693,0.441299,0.0882598,10.7383,83,289,277,1775,464,2479
4.36017, 0.108378,-1,0, 0,0,0,0,0,0, -0.0204204,0.0268781,1.87483,0.0588399,-1.21602,6.97253,84,291,278,1729,452,2486
4.37011, 0.108378,-1,0, 0,0,0,0,0,0, -0.0193732,0.0261799,1.87221,0.166713,-0.451106,8.44353,86,292,278,1920,449,2487
4.38013, 0.108378,-1,0, 0,0,0,0,0,0, -0.0188496,0.0258309,1.86925,1.20622,-0.951245,10.4343,85,294,278,2138,426,2479
4.39012, 0.108378,-1,0, 0,0,0,0,0,0, -0.0197222,0.0270526,1.86646,-1.36312,-1.37293,11.1207,82,298,279,1992,423,2489
4.40009, 0.108378,-1,0, 0,0,0,0,0,0, -0.0214676,0.0284489,1.86314,-1.86326,0.00980665,9.97336,82,300,278,1855,393,2503
4.41015, 0.108378,-1,0, 0,0,0,0,0,0, -0.0214676,0.0284489,1.86314,-1.86326,0.00980665,9.97336,82,300,278,1855,393,2503
4.42011, 0.108378,-1,0, 0,0,0,0,0,0, -0.0232129,0.0279253,1.85965,1.08854,-1.4808,11.1992,83,303,279,2014,392,2503
4.43015, 0.108378,-1,0, 0,0,0,0,0,0, -0.0225147,0.0274017,1.85581,1.28467,-1.21602,10.5421,83,307,279,2197,400,2507
4.44013, 0.108378,-1,0, 0,0,0,0,0,0, -0.0197222,0.0282743,1.85179,-4.77584,0.696272,6.32529,82,311,279,1974,406,2524
4.45015, 0.108378,-1,0, 0,0,0,0,0,0, -0.0185005,0.0282743,1.84795,-2.47128,0.23536,7.12943,81,315,280,1957,383,2517
4.46011, 0.108378,-1,0, 0,0,0,0,0,0, -0.0207694,0.0280998,1.84132,-4.2757,-1.25525,12.8467,83,317,280,2172,377,2521
4.47014, 0.108378,-1,0, 0,0,0,0,0,0, -0.0205949,0.0296706,1.83801,-3.69711,0.853179,6.6293,83,319,280,2812,363,2508
4.48014, 0.108378,-1,0, 0,0,0,0,0,0, -0.021293,0.0286234,1.83452,1.24544,-0.598206,6.56065,82,322,280,2994,348,2508
4.49012, 0.108378,-1,0, 0,0,0,0,0,0, -0.0216421,0.0279253,1.83068,1.89268,-2.52031,10.5814,81,327,280,2857,352,2504
4.50012, 0.108378,-1,0, 0,0,0,0,0,0, -0.0198968,0.0293215,1.82666,-6.26645,-0.598206,6.56065,81,331,281,2756,313,2497
4.51008, 0.108378,-1,0, 0,0,0,0,0,0, -0.0198968,0.0293215,1.82666,-6.26645,-0.598206,6.56065,81,331,281,2756,313,2497
4.52013, 0.0918655,-1,0, 0,0,0,0,0,0, -0.0195477,0.0296706,1.82265,-1.25525,0.509946,11.1992,81,336,281,2660,301,2494
4.53011, -0,-1,0, 0,0,0,0,0,0, -0.0219911,0.0286234,1.81898,1.97114,-0.951245,10.5421,82,339,281,2608,276,2493
4.54014, -0.00101675,-1,0, 0,0,0,0,0,0, -0.0235619,0.0287979,1.81532,-0.598206,-0.833565,15.367,82,344,281,2754,269,2487
4.55012, -0.190906,-1,0, 0,0,0,0,0,0, -0.0232129,0.0300197,1.81095,-2.16727,-0.451106,8.56121,81,349,281,2860,255,2497
4.56008, -0.323003,-1,0, 0,0,0,0,0,0, -0.0225147,0.0301942,1.80642,0.323619,-1.40235,11.8072,81,361,281,2939,237,2493
4.57009, -0.512892,-0.942208,0, 0,0,0,0,0,0, -0.018675,0.0298451,1.79717,-0.833565,-0.372653,6.97253,80,367,282,3048,231,2498
4.58019, -0.653245,-0.818367,0, 0,0,0,0,0,0, -0.0193732,0.0294961,1.7928,0.127486,-0.637432,12.0033,80,372,282,2975,228,2530
4.59014, -0.752318,-0.611965,0, 0,0,0,0,0,0, -0.0219911,0.0296706,1.78861,1.73578,-0.254973,10.5421,79,377,282,2819,227,2533
4.60008, -0.851391,-0.463356,0, 0,0,0,0,0,0, -0.0228638,0.0319395,1.78442,-1.78481,-0.1471,12.5721,80,384,282,2871,227,2548
4.61014, -0.950464,-0.281723,0, 0,0,0,0,0,0, -0.0219911,0.0324631,1.78076,-0.862985,0.657046,8.27681,80,389,283,2914,230,2567
4.62011, -1,-0.190906,0, 0,0,0,0,0,0, -0.0226893,0.0308923,1.77762,1.12776,-0.529559,14.8375,80,394,284,2962,242,2564
4.63014, -1,-0.14137,0, 0,0,0,0,0,0, -0.0226893,0.0308923,1.77762,1.12776,-0.529559,14.8375,80,394,284,2962,242,2564
4.64022, -0.777086,-0.0918334,0, 0,0,0,0,0,0, -0.0232129,0.0308923,1.77483,-1.90249,-0.912018,8.09049,80,399,284,2933,264,2574
4.65011, 0.0505852,0.100122,0, 0,0,0,0,0,0, -0.0228638,0.0319395,1.77203,-2.66741,0.313813,9.05154,80,405,284,3018,299,2582
4.66009, 0.0836095,0.100122,0, 0,0,0,0,0,0, -0.0230383,0.031765,1.76959,-1.86326,-0.598206,12.121,79,414,285,2938,394,2578
4.67016, -0,-0,0, 0,0,0,0,0,0, -0.0216421,0.0315905,1.76715,-0.480526,-0.411879,8.36507,80,414,285,2924,427,2587
4.68008, -0,-0,0, 0,0,0,0,0,0, -0.0204204,0.0319395,1.76174,-0.402073,-0.598206,8.73773,79,417,285,2993,466,2604
4.69013, -0,-0,0, 0,0,0,0,0,0, -0.0225147,0.0319395,1.75894,-2.2065,-0.1471,8.93386,79,420,286,2948,507,2599
4.70012, -0,-0,0, 0,0,0,0,0,0, -0.0232129,0.0324631,1.75615,-3.62846,0.0882598,8.78676,80,420,286,3069,537,2610
4.71015, -0,-0,0, 0,0,0,0,0,0, -0.023911,0.031765,1.75301,-2.82432,2.31437,8.74753,80,419,287,3270,585,2613
4.72013, -0,0.00104887,0, 0,0,0,0,0,0, -0.0246091,0.0307178,1.74934,0.931632,-1.05912,12.1897,79,420,287,3130,619,2636
4.7302, -0,0.0423292,0, 0,0,0,0,0,0, -0.0228638,0.0310669,1.74515,-0.323619,1.85346,8.96328,79,419,287,3016,627,2643
4.74014, -0.0670652,0.141402,0, 0,0,0,0,0,0, -0.0228638,0.0310669,1.74515,-0.323619,1.85346,8.96328,79,419,287,3016,627,2643
4.75008, -0.18265,0.364316,0, 0,0,0,0,0,0, -0.0218166,0.0319395,1.74062,-2.40263,2.07901,9.12018,81,419,287,3146,632,2674
4.76009, -0.405564,0.562461,0, 0,0,0,0,0,0, -0.0225147,0.0324631,1.73573,-1.67694,1.775,9.32612,80,418,288,3263,641,2732
4.77008, -0.669758,0.810143,0, 0,0,0,0,0,0, -0.0228638,0.0328122,1.73067,-0.902212,1.50042,11.3169,80,415,288,3151,641,2749
4.78007, -0.752318,0.884447,0, 0,0,0,0,0,0, -0.0221657,0.0326377,1.72526,-0.519752,1.65732,7.89435,80,413,288,3048,631,2773
4.79008, -0.752318,0.884447,0, 0,0,0,0,0,0, -0.0228638,0.0322886,1.71426,-0.676659,1.19641,10.3068,80,412,288,2965,639,2795
4.80009, -0.752318,0.884447,0, 0,0,0,0,0,0, -0.0233874,0.0328122,1.7085,-1.09834,1.775,9.35554,81,413,288,3102,659,2811
4.81012, -0.752318,0.884447,0, 0,0,0,0,0,0, -0.0233874,0.0328122,1.70257,0.823759,1.69655,8.77695,82,411,288,3328,664,2807
4.82009, -0.752318,0.884447,0, 0,0,0,0,0,0, -0.0225147,0.0328122,1.69663,-1.4808,1.46119,8.43372,80,409,289,3285,698,2804
4.83009, -0.752318,0.884447,0, 0,0,0,0,0,0, -0.0225147,0.0326377,1.69018,0.323619,2.53992,10.2381,80,409,289,3049,710,2783
4.84008, -0.752318,0.884447,0, 0,0,0,0,0,0, -0.0226893,0.0336849,1.68337,-1.55926,2.27514,11.2384,81,408,289,2938,704,2767
4.8501, -0.752318,0.884447,0, 0,0,0,0,0,0, -0.0226893,0.0336849,1.68337,-1.55926,2.27514,11.2384,81,408,289,2938,704,2767
4.86008, -0.752318,0.884447,0, 0,0,0,0,0,0, -0.0230383,0.0349066,1.67639,-3.31465,2.92238,9.12018,81,406,289,2973,713,2742
4.87009, -0.752318,0.876191,0, 0,0,0,0,0,0, -0.023911,0.0347321,1.66888,-1.01989,3.38329,11.0423,81,404,289,2949,716,2724
4.88008, -0.752318,0.876191,0, 0,0,0,0,0,0, -0.0240855,0.0347321,1.66138,-2.86354,2.69683,9.01231,82,403,289,2870,722,2735
4.89006, -0.752318,0.876191,0, 0,0,0,0,0,0, -0.0235619,0.0338594,1.65387,-1.3239,4.14821,10.6598,83,403,290,3030,734,2788
4.9001, -0.76883,0.859679,0, 0,0,0,0,0,0, -0.0223402,0.0338594,1.63694,-1.52003,3.26561,9.55168,83,404,290,3229,714,2832
4.91011, -0.76883,0.851423,0, 0,0,0,0,0,0, -0.0233874,0.0349066,1.62822,-2.08882,3.15774,8.97309,82,404,290,3217,713,2879
4.92012, -0.777086,0.834911,0, 0,0,0,0,0,0, -0.0247837,0.0345575,1.61914,-0.254973,2.46147,9.00251,83,402,290,3215,719,2905
4.93008, -0.777086,0.826655,0, 0,0,0,0,0,0, -0.023911,0.0340339,1.61007,1.04931,2.39282,8.74753,84,401,290,3273,727,2930
4.94009, -0.777086,0.826655,0, 0,0,0,0,0,0, -0.0228638,0.0342085,1.60099,-1.01989,2.96161,11.9641,84,400,290,3309,740,2955
4.95013, -0.785342,0.818399,0, 0,0,0,0,0,0, -0.023911,0.0342085,1.59174,0.127486,2.39282,10.5029,85,400,290,3455,784,2968
4.96013, -0.785342,0.818399,0, 0,0,0,0,0,0, -0.023911,0.0342085,1.59174,0.127486,2.39282,10.5029,85,400,290,3455,784,2968
4.97015, -0.785342,0.818399,0, 0,0,0,0,0,0, -0.0247837,0.0340339,1.58232,0.549172,2.42224,9.2869,85,401,290,3514,788,3009
4.98015, -0.785342,0.818399,0, 0,0,0,0,0,0, -0.023911,0.0340339,1.57272,0.441299,3.26561,9.27709,84,400,289,3464,782,3014
4.99015, -0.785342,0.818399,0, 0,0,0,0,0,0, -0.0226893,0.0340339,1.56242,-0.715885,3.11851,10.6206,85,399,289,3439,773,3024
5.00012, -0.785342,0.818399,0, 0,0,0,0,0,0, -0.0223402,0.0342085,1.55195,0.0588399,4.38357,7.62957,85,399,289,3234,787,3011
5.01012, -0.785342,0.818399,0, 0,0,0,0,0,0, -0.0253073,0.0350811,1.53083,0.166713,2.5007,10.1303,86,399,288,2965,781,2991
5.0201, -0.785342,0.810143,0, 0,0,0,0,0,0, -0.0256563,0.0349066,1.52018,-0.519752,2.92238,10.346,86,399,288,2745,776,2979
5.03009, -0.785342,0.810143,0, 0,0,0,0,0,0, -0.0247837,0.0349066,1.50936,-2.16727,3.42252,10.4245,88,400,288,2667,757,2961
5.04009, -0.793598,0.793631,0, 0,0,0,0,0,0, -0.023911,0.0352557,1.49802,-0.441299,3.07929,9.85568,88,399,288,2570,746,2938
5.05007, -0.801855,0.777119,0, 0,0,0,0,0,0, -0.0237365,0.0359538,1.48685,1.31409,1.69655,4.59932,87,400,288,2535,725,2900
5.06016, -0.810111,0.768862,0, 0,0,0,0,0,0, -0.023911,0.0357792,1.47637,-1.70636,3.72653,5.21714,88,402,288,2424,723,2872
5.07008, -0.826623,0.760606,0, 0,0,0,0,0,0, -0.023911,0.0357792,1.47637,-1.70636,3.72653,5.21714,88,402,288,2424,723,2872
5.08014, -0.826623,0.744094,0, 0,0,0,0,0,0, -0.0260054,0.0352557,1.46573,-1.63771,1.39254,14.4942,89,402,288,2410,738,2814
5.09017, -0.834879,0.735838,0, 0,0,0,0,0,0, -0.0282743,0.0354302,1.45526,0.402073,1.96133,10.7383,90,404,288,2333,747,2786
5.10011, -0.834879,0.735838,0, 0,0,0,0,0,0, -0.0275762,0.0356047,1.44531,-0.941438,1.46119,9.5909,90,403,288,2208,743,2760
5.11008, -0.834879,0.735838,0, 0,0,0,0,0,0, -0.0260054,0.0357792,1.43536,0.902212,4.91313,11.5032,89,406,288,1905,735,2732
5.12007, -0.834879,0.735838,0, 0,0,0,0,0,0, -0.0256563,0.0357792,1.42593,-1.98094,1.775,10.395,87,407,287,1547,707,2718
5.13008, -0.834879,0.735838,0, 0,0,0,0,0,0, -0.0260054,0.0366519,1.40883,-1.28467,-0.912018,9.34574,87,406,287,1406,691,2698
5.14009, -0.834879,0.735838,0, 0,0,0,0,0,0, -0.0263545,0.0368264,1.4008,0.627626,3.46175,8.01203,91,408,287,1376,671,2676
5.15008, -0.834879,0.735838,0, 0,0,0,0,0,0, -0.0268781,0.0366519,1.39365,-2.3634,-0.598206,10.3558,96,408,287,1364,664,2663
5.16008, -0.834879,0.735838,0, 0,0,0,0,0,0, -0.0267035,0.0371755,1.38684,-2.08882,0.813952,10.395,100,409,286,1427,625,2659
5.16999, -0.834879,0.735838,0, 0,0,0,0,0,0, -0.0268781,0.0376991,1.38038,1.20622,1.35332,6.09974,101,408,286,1518,624,2652
5.18014, -0.834879,0.735838,0, 0,0,0,0,0,0, -0.0268781,0.0376991,1.38038,1.20622,1.35332,6.09974,101,408,286,1518,624,2652
5.19014, -0.834879,0.735838,0, 0,0,0,0,0,0, -0.0279253,0.03735,1.37532,0.0980665,1.27486,13.033,101,409,285,1549,610,2638
5.20027, -0.834879,0.735838,0, 0,0,0,0,0,0, -0.0279253,0.0371755,1.37078,-0.558979,0.892405,11.7288,101,413,286,1490,586,2635
5.21013, -0.834879,0.735838,0, 0,0,0,0,0,0, -0.026529,0.0378736,1.36677,-1.44158,1.57887,6.59007,103,414,285,1411,587,2637
5.2201, -0.834879,0.735838,0, 0,0,0,0,0,0, -0.0268781,0.0378736,1.36363,-1.52003,2.57915,12.8467,104,413,284,1308,579,2648
5.23009, -0.834879,0.735838,0, 0,0,0,0,0,0, -0.0268781,0.0382227,1.36118,-0.254973,0.549172,8.73773,101,415,284,1266,573,2650
5.24009, -0.834879,0.735838,0, 0,0,0,0,0,0, -0.0256563,0.0382227,1.35787,-2.16727,2.92238,12.425,97,415,283,1262,574,2653
5.25012, -0.834879,0.735838,0, 0,0,0,0,0,0, -0.0251327,0.0380482,1.35699,-2.5105,-0.598206,11.1207,95,416,282,1275,566,2670
5.26015, -0.834879,0.735838,0, 0,0,0,0,0,0, -0.0249582,0.0382227,1.35647,-0.902212,2.77528,10.9638,94,417,282,1304,561,2673
5.27014, -0.834879,0.735838,0, 0,0,0,0,0,0, -0.0253073,0.0389208,1.35647,-2.0594,-0.254973,6.97253,96,417,281,1514,560,2693
5.28013, -0.834879,0.735838,0, 0,0,0,0,0,0, -0.0254818,0.0392699,1.35752,-2.89296,1.85346,12.0818,99,417,280,1726,555,2730
5.29023, -0.834879,0.735838,0, 0,0,0,0,0,0, -0.0254818,0.0392699,1.35752,-2.89296,1.85346,12.0818,99,417,280,1726,555,2730
5.30013, -0.834879,0.735838,0, 0,0,0,0,0,0, -0.0249582,0.0387463,1.35909,-1.28467,1.42196,6.97253,101,419,279,1795,559,2747
5.31014, -0.834879,0.735838,0, 0,0,0,0,0,0, -0.0244346,0.0382227,1.36083,-2.28495,0.549172,12.121,102,420,278,1766,560,2769
5.32051, -0.834879,0.735838,0, 0,0,0,0,0,0, -0.0242601,0.0382227,1.36293,-2.2065,-1.25525,11.8072,102,420,277,1758,552,2801
5.33013, -0.834879,0.735838,0, 0,0,0,0,0,0, -0.0232129,0.0389208,1.3652,-2.93219,2.96161,7.32557,101,421,276,1779,554,2823
5.34011, -0.834879,0.735838,0, 0,0,0,0,0,0, -0.0226893,0.0389208,1.36781,0.245166,0.588399,7.90416,102,421,276,1764,559,2851
5.35015, -0.834879,0.735838,0, 0,0,0,0,0,0, -0.0228638,0.0387463,1.37427,-1.78481,0.696272,9.69878,102,422,274,1826,560,2879
5.36013, -0.834879,0.735838,0, 0,0,0,0,0,0, -0.0237365,0.0390954,1.37776,-0.794339,0.166713,8.65927,102,422,273,1848,562,2899
5.37003, -0.834879,0.735838,0, 0,0,0,0,0,0, -0.0230383,0.0383972,1.38178,-2.97142,1.27486,13.337,103,424,273,1934,562,2942
5.3801, -0.834879,0.735838,0, 0,0,0,0,0,0, -0.0214676,0.0382227,1.38579,0.706079,0.735499,13.2684,104,424,272,1954,566,2988
5.39008, -0.834879,0.735838,0, 0,0,0,0,0,0, -0.0209439,0.0385718,1.38981,-2.40263,1.39254,0.460913,107,424,269,1856,584,3045
5.40009, -0.834879,0.735838,0, 0,0,0,0,0,0, -0.0209439,0.0385718,1.38981,-2.40263,1.39254,0.460913,107,424,269,1856,584,3045
5.41013, -0.834879,0.735838,0, 0,0,0,0,0,0, -0.0207694,0.0380482,1.39399,-0.480526,0.470719,8.62005,107,424,268,1794,585,3074
5.42009, -0.834879,0.735838,0, 0,0,0,0,0,0, -0.0205949,0.0382227,1.39801,-5.23675,2.11824,9.31632,108,425,267,1783,586,3093
5.4301, -0.834879,0.735838,0, 0,0,0,0,0,0, -0.0202458,0.0382227,1.40167,-2.12804,-0.17652,4.03053,108,425,265,1794,581,3137
5.44022, -0.834879,0.735838,0, 0,0,0,0,0,0, -0.0198968,0.0375246,1.40534,-0.519752,4.10899,15.1415,108,427,265,1776,592,3169
5.45015, -0.834879,0.735838,0, 0,0,0,0,0,0, -0.0197222,0.0378736,1.40848,-2.2065,-1.59848,11.3855,108,429,264,1774,592,3203
5.46011, -0.834879,0.735838,0, 0,0,0,0,0,0, -0.0202458,0.037001,1.41337,-2.54973,-0.951245,10.6598,110,429,263,1732,584,3236
5.47013, -0.834879,0.735838,0, 0,0,0,0,0,0, -0.0188496,0.0376991,1.41529,-1.86326,0.431493,10.4245,111,431,262,1696,581,3255
5.48006, -0.834879,0.735838,0, 0,0,0,0,0,0, -0.0178024,0.0371755,1.41651,-2.5105,1.42196,4.29531,112,431,261,1654,581,3291
5.49012, -0.834879,0.735838,0, 0,0,0,0,0,0, -0.0179769,0.0363028,1.41738,-1.1768,-1.63771,9.01231,113,431,260,1641,578,3356
5.50016, -0.834879,0.735838,0, 0,0,0,0,0,0, -0.018326,0.0361283,1.41791,-1.01989,1.35332,6.06051,113,432,258,1636,578,3382
5.51017, -0.834879,0.735838,0, 0,0,0,0,0,0, -0.018326,0.0361283,1.41791,-1.01989,1.35332,6.06051,113,432,258,1636,578,3382
5.52015, -0.834879,0.735838,0, 0,0,0,0,0,0, -0.0185005,0.0359538,1.41825,-1.55926,1.89268,11.9641,114,435,257,1659,565,3402
5.53029, -0.834879,0.735838,0, 0,0,0,0,0,0, -0.0185005,0.0366519,1.4186,-1.1768,-0.529559,12.0426,115,436,256,1665,566,3434
5.54011, -0.834879,0.735838,0, 0,0,0,0,0,0, -0.0185005,0.0361283,1.41878,0.931632,-0.107873,10.6991,116,437,256,1686,551,3470
5.55009, -0.834879,0.735838,0, 0,0,0,0,0,0, -0.0174533,0.0354302,1.41913,-1.63771,-0.254973,10.856,116,437,254,1719,543,3501
5.56008, -0.834879,0.735838,0, 0,0,0,0,0,0, -0.0169297,0.0357792,1.4193,-0.941438,0.00980665,10.0028,117,437,254,1725,536,3525
5.57009, -0.834879,0.735838,0, 0,0,0,0,0,0, -0.0181514,0.0357792,1.41965,-0.755112,0.166713,11.1992,119,440,252,1696,531,3564
5.58014, -0.834879,0.727582,0, 0,0,0,0,0,0, -0.0174533,0.0357792,1.41983,-1.28467,-1.13757,9.76742,121,442,252,1677,529,3607
5.59015, -0.834879,0.735838,0, 0,0,0,0,0,0, -0.0169297,0.0350811,1.42,0.0980665,0.892405,10.0126,121,442,251,1643,526,3640
5.60013, -0.834879,0.735838,0, 0,0,0,0,0,0, -0.0165806,0.0349066,1.42017,-2.5105,0.0490333,9.66936,122,444,249,1562,517,3709
5.61013, -0.834879,0.735838,0, 0,0,0,0,0,0, -0.0164061,0.0349066,1.42052,-1.36312,0.23536,8.96328,123,446,248,1558,518,3763
5.62019, -0.834879,0.735838,0, 0,0,0,0,0,0, -0.0164061,0.0349066,1.42052,-1.36312,0.23536,8.96328,123,446,248,1558,518,3763
5.63012, -0.834879,0.735838,0, 0,0,0,0,0,0, -0.016057,0.0345575,1.42087,-0.441299,-0.107873,11.6601,123,446,246,1590,516,3804
5.64029, -0.834879,0.735838,0, 0,0,0,0,0,0, -0.0158825,0.0340339,1.42122,0.0196133,-0.794339,11.0031,125,447,246,1572,512,3835
5.65019, -0.834879,0.735838,0, 0,0,0,0,0,0, -0.0162316,0.0335103,1.42175,-2.28495,0.127486,10.6598,126,448,244,1505,510,3882
5.66009, -0.834879,0.735838,0, 0,0,0,0,0,0, -0.0158825,0.0335103,1.42227,0.902212,0.0490333,10.4343,126,450,243,1511,507,3928
5.67009, -0.834879,0.735838,0, 0,0,0,0,0,0, -0.0146608,0.034383,1.42279,-0.902212,-1.01989,10.091,126,449,243,1545,499,3958
5.68008, -0.834879,0.735838,0, 0,0,0,0,0,0, -0.0151844,0.0336849,1.42419,1.89268,-0.715885,11.1207,128,452,242,1500,503,4001
5.69013, -0.834879,0.735838,0, 0,0,0,0,0,0, -0.0151844,0.0333358,1.42489,-2.28495,-0.980665,14.3765,129,453,241,1466,498,4014
5.70012, -0.834879,0.735838,0, 0,0,0,0,0,0, -0.0144862,0.0333358,1.42558,-0.137293,-0.490333,8.06107,130,452,240,1494,499,4049
5.71014, -0.834879,0.735838,0, 0,0,0,0,0,0, -0.0139626,0.0326377,1.42611,1.43177,1.15718,2.72625,131,453,237,1417,501,4136
5.72013, -0.834879,0.735838,0, 0,0,0,0,0,0, -0.0136136,0.0326377,1.42681,-0.676659,-0.107873,9.2869,132,453,237,1420,502,4170
5.73019, -0.834879,0.735838,0, 0,0,0,0,0,0, -0.0136136,0.0326377,1.42681,-0.676659,-0.107873,9.2869,132,453,237,1420,502,4170
5.74015, -0.834879,0.735838,0, 0,0,0,0,0,0, -0.0139626,0.0324631,1.4275,0.323619,-0.294199,7.43344,133,455,235,1411,500,4220
5.75012, -0.834879,0.735838,0, 0,0,0,0,0,0, -0.0139626,0.0324631,1.4282,1.58868,-1.1768,12.729,134,457,234,1383,501,4224
5.76008, -0.834879,0.735838,0, 0,0,0,0,0,0, -0.0132645,0.0322886,1.42873,-1.1768,0.0490333,9.54187,135,458,233,1370,501,4261
5.77008, -0.834879,0.735838,0, 0,0,0,0,0,0, -0.01309,0.0310669,1.42908,1.775,-0.833565,10.5127,135,459,232,1349,503,4305
5.78009, -0.834879,0.735838,0, 0,0,0,0,0,0, -0.0123918,0.0315905,1.4296,-0.519752,-2.55954,11.7288,136,462,231,1322,508,4326
5.79009, -0.834879,0.735838,0, 0,0,0,0,0,0, -0.013439,0.0307178,1.42995,1.24544,-2.86354,13.3763,136,460,230,1311,496,4375
5.80008, -0.834879,0.735838,0, 0,0,0,0,0,0, -0.0132645,0.0310669,1.42995,-1.01989,-0.833565,9.38496,137,463,229,1316,492,4396
5.81, -0.834879,0.735838,0, 0,0,0,0,0,0, -0.0118682,0.0308923,1.42995,-0.402073,1.0395,8.58082,139,463,227,1306,498,4460
5.82009, -0.834879,0.735838,0, 0,0,0,0,0,0, -0.0118682,0.0303687,1.43012,-0.519752,-0.558979,11.3855,140,464,227,1306,499,4473
5.83008, -0.834879,0.735838,0, 0,0,0,0,0,0, -0.0120428,0.0301942,1.43012,0.0588399,1.31409,11.16,142,465,226,1282,494,4528
5.84022, -0.834879,0.735838,0, 0,0,0,0,0,0, -0.0120428,0.0301942,1.43012,0.0588399,1.31409,11.16,142,465,226,1282,494,4528
5.85009, -0.834879,0.735838,0, 0,0,0,0,0,0, -0.0122173,0.0301942,1.43012,-0.402073,-0.598206,11.8464,142,468,225,1275,499,4540
5.86009, -0.834879,0.735838,0, 0,0,0,0,0,0, -0.0123918,0.0310669,1.42977,0.0196133,-2.2163,8.32585,144,467,224,1236,485,4567
5.87012, -0.834879,0.735838,0, 0,0,0,0,0,0, -0.0111701,0.0303687,1.42942,0.666852,1.27486,7.09021,145,469,223,1208,490,4602
5.88008, -0.834879,0.735838,0, 0,0,0,0,0,0, -0.0109956,0.0293215,1.42925,1.24544,-1.3337,13.9156,145,471,222,2561,482,4613
5.89012, -0.834879,0.735838,0, 0,0,0,0,0,0, -0.0111701,0.0303687,1.4289,-0.0588399,-1.52003,10.8854,146,471,221,4541,492,4638
5.90012, -0.834879,0.735838,0, 0,0,0,0,0,0, -0.010472,0.0305433,1.4282,2.01036,-0.1471,9.09076,146,471,220,4537,489,4662
5.91012, -0.834879,0.735838,0, 0,0,0,0,0,0, -0.00994838,0.0298451,1.42785,-0.715885,0.431493,10.856,147,473,218,4539,495,4689
5.92016, -0.834879,0.735838,0, 0,0,0,0,0,0, -0.00977384,0.0303687,1.42768,0.402073,-0.411879,9.74781,148,473,216,4580,487,4738
5.93022, -0.834879,0.735838,0, 0,0,0,0,0,0, -0.00890118,0.0308923,1.4275,-1.25525,-1.4808,10.6598,149,473,215,4588,502,4787
5.94011, -0.834879,0.735838,0, 0,0,0,0,0,0, -0.00802851,0.0298451,1.42716,0.745305,0.431493,7.44325,151,476,214,4537,503,4823
5.95016, -0.834879,0.735838,0, 0,0,0,0,0,0, -0.00802851,0.0298451,1.42716,0.745305,0.431493,7.44325,151,476,214,4537,503,4823
5.96014, -0.834879,0.735838,0, 0,0,0,0,0,0, -0.00820305,0.0293215,1.42716,0.0980665,0.313813,13.4547,152,477,213,4392,505,4883
5.9701, -0.834879,0.735838,0, 0,0,0,0,0,0, -0.00872665,0.0307178,1.42733,0.823759,-0.676659,8.4043,151,477,212,4216,522,4945
5.98009, -0.834879,0.735838,0, 0,0,0,0,0,0, -0.00820305,0.0308923,1.42716,0.549172,-1.13757,8.48275,152,478,211,4068,514,5024
5.99008, -0.834879,0.735838,0, 0,0,0,0,0,0, -0.00733038,0.0294961,1.42733,-0.254973,-0.558979,10.3068,152,479,210,3929,518,5101
6.00008, -0.834879,0.735838,0, 0,0,0,0,0,0, -0.00698132,0.0287979,1.4275,1.471,0.588399,10.856,152,481,209,3782,531,5188
6.01007, -0.834879,0.735838,0, 0,0,0,0,0,0, -0.00733038,0.0301942,1.4282,1.20622,1.35332,4.79545,153,481,208,3581,526,5270
6.02007, -0.834879,0.735838,0, 0,0,0,0,0,0, -0.00698132,0.0294961,1.42855,1.24544,-1.63771,13.8764,154,482,207,3580,535,5361
6.03008, -0.834879,0.735838,0, 0,0,0,0,0,0, -0.00628319,0.0294961,1.4289,-0.441299,0.127486,10.8167,155,483,206,3643,542,5487
6.04007, -0.834879,0.735838,0, 0,0,0,0,0,0, -0.00541052,0.0293215,1.42925,-1.70636,-0.333426,5.44269,156,483,205,3614,523,5568
6.05007, -0.834879,0.735838,0, 0,0,0,0,0,0, -0.00506145,0.0287979,1.4296,0.745305,-0.676659,14.5335,157,484,204,3501,512,5625
6.06016, -0.834879,0.735838,0, 0,0,0,0,0,0, -0.00506145,0.0287979,1.4296,0.745305,-0.676659,14.5335,157,484,204,3501,512,5625
6.07025, -0.834879,0.735838,0, 0,0,0,0,0,0, -0.00506145,0.029147,1.42977,-0.254973,0.735499,11.6993,158,486,203,3387,493,5674
6.08008, -0.851391,0.735838,0, 0,0,0,0,0,0, -0.00593412,0.0293215,1.42995,-0.441299,-1.9123,8.86521,159,486,202,3342,502,5723
6.09013, -0.859647,0.727582,0, 0,0,0,0,0,0, -0.00610865,0.0289725,1.4303,0.480526,0.0490333,12.5329,160,488,201,3411,498,5765
6.10027, -0.859647,0.71107,0, 0,0,0,0,0,0, -0.00453786,0.0289725,1.43047,0.549172,0.353039,13.9549,160,489,200,3373,502,5816
6.11012, -0.826623,0.620253,0, 0,0,0,0,0,0, -0.00296706,0.0286234,1.43047,0.0588399,-0.686466,0.421686,161,490,199,3369,514,5853
6.12011, -0.744062,0.570717,0, 0,0,0,0,0,0, -0.00331613,0.0279253,1.43047,0.127486,1.93191,9.66936,162,491,199,3330,510,5901
6.13008, -0.537661,0.4799,0, 0,0,0,0,0,0, -0.00418879,0.0298451,1.43065,-0.794339,-0.490333,4.49145,164,492,197,3355,522,5953
6.14015, -0.397308,0.380828,0, 0,0,0,0,0,0, -0.00383972,0.0293215,1.43047,0.441299,0.0882598,13.0723,165,493,196,3398,525,5976
6.15007, -0.00927281,0.0505852,0, 0,0,0,0,0,0, -0.00349066,0.0289725,1.4303,-0.323619,-1.09834,11.8857,166,493,195,3379,532,6006
6.16012, -0,0.0340731,0, 0,0,0,0,0,0, -0.00314159,0.0289725,1.4303,0.902212,-0.02942,8.09049,167,495,194,3307,528,6048
6.17011, -0,-0,0, 0,0,0,0,0,0, -0.00314159,0.0289725,1.4303,0.902212,-0.02942,8.09049,167,495,194,3307,528,6048
6.18007, -0,-0,0, 0,0,0,0,0,0, -0.00383972,0.029147,1.43047,3.27542,1.42196,16.8674,168,495,193,3327,537,6092
6.19012, -0,-0,0, 0,0,0,0,0,0, -0.00645772,0.0319395,1.431,-2.12804,-4.89352,11.6601,169,498,193,3293,545,6120
6.20011, -0,-0,0, 0,0,0,0,0,0, -0.00907571,0.0352557,1.43152,0.0196133,1.69655,12.9938,169,498,192,3234,537,6154
6.21007, -0,-0,0, 0,0,0,0,0,0, -0.0115192,0.0350811,1.43187,0.862985,-3.66769,10.6598,170,499,191,3237,548,6190
6.22009, -0,-0,0, 0,0,0,0,0,0, -0.0106465,0.0331613,1.43204,2.6576,-2.29476,7.78648,170,499,190,3289,551,6255
6.23016, -0,-0,0, 0,0,0,0,0,0, -0.00820305,0.0322886,1.43222,0.902212,2.39282,11.3169,172,499,189,3271,550,6304
6.24013, -0,-0,0, 0,0,0,0,0,0, -0.00942478,0.0300197,1.43274,3.69711,-0.951245,8.36507,173,500,188,3315,543,6463
6.25009, -0,-0,0, 0,0,0,0,0,0, -0.0132645,0.0300197,1.43361,0.666852,-6.01148,13.4939,174,501,187,3404,546,6556
6.26013, -0,-0,0, 0,0,0,0,0,0, -0.0167552,0.0314159,1.43484,2.85374,-0.294199,15.2199,174,502,186,3425,548,6594
6.27011, -0,-0,0, 0,0,0,0,0,0, -0.0129154,0.0319395,1.43518,3.19697,-4.05015,9.31632,175,503,186,3467,548,6636
6.28017, -0,-0,0, 0,0,0,0,0,0, -0.0129154,0.0319395,1.43518,3.19697,-4.05015,9.31632,175,503,186,3467,548,6636
6.29024, -0,-0,0, 0,0,0,0,0,0, -0.00820305,0.0303687,1.43466,2.85374,-0.254973,12.9938,176,505,185,3484,550,6687
6.30021, -0,-0,0, 0,0,0,0,0,0, -0.00471239,0.0314159,1.43501,2.43205,-2.17708,12.5721,177,505,185,3436,558,6732
6.31014, -0,-0,0, 0,0,0,0,0,0, -0.00383972,0.0333358,1.43623,-2.02017,-2.86354,1.84365,177,504,184,3413,555,6783
6.32012, -0,-0,0, 0,0,0,0,0,0, -0.00471239,0.0336849,1.4378,3.15774,-1.67694,8.94367,178,504,183,3393,548,6814
6.33008, -0,-0,0, 0,0,0,0,0,0, -0.00436332,0.0342085,1.43955,1.51022,-5.12888,3.29503,179,507,183,3348,551,6845
6.34008, -0,-0,0, 0,0,0,0,0,0, -0.00436332,0.0349066,1.44147,2.47128,-0.333426,14.5629,180,506,182,3319,549,6899
6.35013, -0,-0,0, 0,0,0,0,0,0, -0.00575959,0.0371755,1.44496,2.3536,-4.28551,12.8075,180,508,181,3249,546,6926
6.36002, -0,-0,0, 0,0,0,0,0,0, -0.00453786,0.0375246,1.44635,2.53992,-1.40235,9.8851,180,506,181,3230,549,6953
6.37013, -0,-0,0, 0,0,0,0,0,0, -0.00314159,0.0376991,1.44793,0.931632,-3.246,11.8464,181,508,180,3228,546,6981
6.38011, -0,-0,0, 0,0,0,0,0,0, -0.00314159,0.0375246,1.44932,3.01064,-1.3337,5.82515,181,509,180,3228,550,7013
6.39017, -0,-0,0, 0,0,0,0,0,0, -0.00314159,0.0375246,1.44932,3.01064,-1.3337,5.82515,181,509,180,3228,550,7013
6.40015, -0,-0,0, 0,0,0,0,0,0, -0.00418879,0.03735,1.45107,1.39254,-1.9123,8.73773,181,509,179,3203,546,7045
6.41014, -0,-0,0, 0,0,0,0,0,0, -0.00506145,0.0378736,1.45281,2.15746,-3.20677,11.8464,182,510,179,3174,543,7079
6.42009, -0,-0,0, 0,0,0,0,0,0, -0.00575959,0.0385718,1.45438,1.89268,-1.79462,11.16,183,509,178,3168,545,7097
6.43012, -0,-0,0, 0,0,0,0,0,0, -0.00558505,0.0385718,1.4556,2.69683,-2.0594,10.2381,183,509,178,3181,545,7114
6.44014, -0,-0,0, 0,0,0,0,0,0, -0.00453786,0.0383972,1.45683,1.73578,-1.4808,10.8854,183,510,178,3120,543,7138
6.45014, -0,-0,0, 0,0,0,0,0,0, -0.00436332,0.0383972,1.45787,2.31437,-1.87307,9.77723,184,510,177,3071,545,7209
6.46013, -0,-0,0, 0,0,0,0,0,0, -0.00488692,0.0390954,1.46014,2.31437,-2.25553,9.46342,184,511,177,3054,546,7233
6.4702, -0,-0,0, 0,0,0,0,0,0, -0.00471239,0.0390954,1.46102,1.81423,-1.83384,9.55168,184,511,177,3048,533,7271
6.4801, -0,-0,0, 0,0,0,0,0,0, -0.00488692,0.0392699,1.46171,2.3536,-2.48108,10.0126,184,511,176,3052,540,7295
6.49008, -0,-0,0, 0,0,0,0,0,0, -0.00541052,0.0394444,1.46206,1.775,-2.71644,9.77723,184,509,176,3049,541,7308
6.50007, -0,-0,0, 0,0,0,0,0,0, -0.00541052,0.0394444,1.46206,1.775,-2.71644,9.77723,184,509,176,3049,541,7308
6.51107, -0,-0,0, 0,0,0,0,0,0, -0.00575959,0.039619,1.46206,1.81423,-2.3634,10.1597,184,510,176,3056,542,7321
6.52013, -0,-0,0, 0,0,0,0,0,0, -0.00541052,0.0394444,1.46171,1.471,-2.29476,9.63013,185,511,176,3049,545,7329
6.53015, -0,-0,0, 0,0,0,0,0,0, -0.00506145,0.0394444,1.46119,1.73578,-2.29476,9.50264,185,511,176,3030,546,7333
6.54014, -0,-0,0, 0,0,0,0,0,0, -0.00523599,0.0394444,1.46049,1.69655,-2.2163,9.76742,185,511,176,3016,536,7333
6.55013, -0,-0,0, 0,0,0,0,0,0, -0.00575959,0.0394444,1.45979,1.81423,-2.59876,10.0518,185,512,176,3009,535,7333
6.56014, -0,-0,0, 0,0,0,0,0,0, -0.00610865,0.0394444,1.4591,1.471,-2.59876,10.1597,185,512,176,3003,536,7327
6.5702, -0,-0,0, 0,0,0,0,0,0, -0.00558505,0.0390954,1.4577,1.81423,-1.98094,9.5811,185,512,175,2992,548,7325
6.58013, -0,-0,0, 0,0,0,0,0,0, -0.00558505,0.0390954,1.45735,1.6279,-2.09862,9.80665,185,512,176,2994,543,7326
6.59013, -0,-0,0, 0,0,0,0,0,0, -0.00593412,0.0390954,1.45665,1.51022,-1.95152,10.091,185,512,176,2984,543,7308
6.60011, -0,-0,0, 0,0,0,0,0,0, -0.00610865,0.0390954,1.45595,1.01008,-1.4808,10.0518,185,511,176,2975,539,7301
6.61015, -0,-0,0, 0,0,0,0,0,0, -0.00610865,0.0390954,1.45595,1.01008,-1.4808,10.0518,185,511,176,2975,539,7301
6.62011, -0,-0,0, 0,0,0,0,0,0, -0.00593412,0.0390954,1.45526,0.627626,-1.37293,10.0126,186,511,176,2979,543,7288
6.63013, -0,-0,0, 0,0,0,0,0,0, -0.00575959,0.0389208,1.45456,0.549172,-1.44158,9.69878,186,513,176,2988,541,7279
6.64013, -0,-0,0, 0,0,0,0,0,0, -0.00558505,0.0389208,1.45351,0.549172,-0.558979,9.63013,185,513,176,3030,545,7265
6.6501, -0,-0,0, 0,0,0,0,0,0, -0.00558505,0.0389208,1.45246,0.441299,-0.529559,9.5811,185,514,176,3061,548,7256
6.66007, -0,-0,0, 0,0,0,0,0,0, -0.00575959,0.0390954,1.45107,0.0980665,-0.107873,10.1303,185,514,176,3064,535,7230
6.67016, -0,-0,0, 0,0,0,0,0,0, -0.00575959,0.0390954,1.44985,0.0588399,-0.215746,10.1989,185,513,176,3039,536,7216
6.68008, -0,-0,0, 0,0,0,0,0,0, -0.00558505,0.0389208,1.4467,0.0196133,-0.411879,9.89491,185,510,176,3010,533,7206
6.69014, -0,-0,0, 0,0,0,0,0,0, -0.00541052,0.0387463,1.44496,-0.0980665,0.127486,9.5909,185,513,176,2998,533,7193
6.70011, -0,-0,0, 0,0,0,0,0,0, -0.00541052,0.0389208,1.44339,-0.323619,0.470719,9.32612,185,512,176,2994,534,7191
6.71009, -0,-0,0, 0,0,0,0,0,0, -0.00593412,0.0389208,1.44199,-0.362846,-0.333426,9.93414,185,514,176,3013,536,7186
6.72011, -0,-0,0, 0,0,0,0,0,0, -0.00593412,0.0389208,1.44199,-0.362846,-0.333426,9.93414,185,514,176,3013,536,7186
6.73014, -0,-0,0, 0,0,0,0,0,0, -0.00610865,0.0389208,1.44059,-0.323619,-0.529559,9.77723,185,513,176,3033,527,7166
6.74014, -0,-0,0, 0,0,0,0,0,0, -0.00575959,0.0385718,1.43937,0.0980665,0.127486,9.738,185,514,176,3048,526,7170
6.75009, -0,-0,0, 0,0,0,0,0,0, -0.00575959,0.0383972,1.43815,-0.0196133,-0.0686466,9.80665,185,513,176,3048,530,7163
6.76013, -0,-0,0, 0,0,0,0,0,0, -0.00593412,0.0383972,1.43693,-0.598206,0.0490333,9.46342,185,513,177,3042,525,7156
6.77008, -0,-0,0, 0,0,0,0,0,0, -0.00645772,0.0383972,1.43571,-0.215746,-0.1471,9.85568,185,515,177,3046,527,7150
6.7801, -0,-0,0, 0,0,0,0,0,0, -0.00628319,0.0382227,1.43484,0.0196133,0.127486,9.5909,185,513,177,3041,531,7139
6.79007, -0,-0,0, 0,0,0,0,0,0, -0.00663225,0.0380482,1.43361,-0.441299,-0.17652,9.8851,185,512,177,3041,530,7146
6.80007, -0,-0,0, 0,0,0,0,0,0, -0.00680678,0.0380482,1.43326,-0.284393,-0.254973,9.70858,185,513,177,3031,524,7137
6.81008, -0,-0,0, 0,0,0,0,0,0, -0.00663225,0.0378736,1.43292,-0.17652,-0.0686466,9.66936,185,513,177,3025,526,7138
6.82008, -0,-0,0, 0,0,0,0,0,0, -0.00680678,0.0376991,1.43257,-0.284393,0.166713,9.84588,185,512,177,3027,527,7141
6.83016, -0,-0,0, 0,0,0,0,0,0, -0.00680678,0.0376991,1.43257,-0.284393,0.166713,9.84588,185,512,177,3027,527,7141
6.84008, -0,-0,0, 0,0,0,0,0,0, -0.00698132,0.0376991,1.43222,-0.755112,-0.02942,10.042,185,513,177,3025,530,7138
6.8501, -0,-0,0, 0,0,0,0,0,0, -0.00715585,0.0376991,1.43204,-0.362846,-0.215746,9.738,185,513,177,3022,526,7133
6.86013, -0,-0,0, 0,0,0,0,0,0, -0.00715585,0.0375246,1.43187,-0.402073,-0.490333,9.77723,185,513,177,3019,519,7131
6.87007, -0,-0,0, 0,0,0,0,0,0, -0.00698132,0.03735,1.43169,-0.284393,-0.107873,9.55168,185,513,177,3021,529,7127
6.88012, -0,-0,0, 0,0,0,0,0,0, -0.00733038,0.03735,1.43169,-0.598206,-0.0686466,10.042,185,513,177,3025,525,7133
6.89014, -0,-0,0, 0,0,0,0,0,0, -0.00767945,0.03735,1.43169,-0.323619,-0.333426,9.93414,185,514,177,3028,527,7142
6.90008, -0,-0,0, 0,0,0,0,0,0, -0.00733038,0.037001,1.43187,-0.254973,-0.17652,9.96356,185,513,177,3017,523,7144
6.91007, -0,-0,0, 0,0,0,0,0,0, -0.00767945,0.0368264,1.43204,-0.215746,-0.529559,9.97336,185,512,177,3025,523,7148
6.9201, -0,-0,0, 0,0,0,0,0,0, -0.00785398,0.0368264,1.43222,-0.215746,-0.333426,9.55168,185,511,177,3020,526,7139
6.93008, -0,-0,0, 0,0,0,0,0,0, -0.00767945,0.0366519,1.43239,-0.137293,-0.1471,9.89491,185,512,177,3024,526,7131
6.94018, -0,-0,0, 0,0,0,0,0,0, -0.00767945,0.0366519,1.43239,-0.137293,-0.1471,9.89491,185,512,177,3024,526,7131
6.95013, -0,-0,0, 0,0,0,0,0,0, -0.00785398,0.0364774,1.43239,-0.0980665,-0.254973,10.0518,185,513,177,3028,530,7137
6.96012, -0,-0,0, 0,0,0,0,0,0, -0.00802851,0.0364774,1.43239,-0.215746,-0.333426,9.85568,185,513,177,3033,526,7134
6.97008, -0,-0,0, 0,0,0,0,0,0, -0.00802851,0.0364774,1.43257,-0.215746,-0.17652,9.77723,185,511,177,3038,527,7133
6.98012, -0,-0,0, 0,0,0,0,0,0, -0.00820305,0.0363028,1.43257,-0.17652,-0.294199,9.76742,185,512,177,3029,527,7136
6.99012, -0,-0,0, 0,0,0,0,0,0, -0.00820305,0.0361283,1.43257,-0.17652,-0.254973,9.81646,184,513,177,3030,526,7135
6.99999, -0,-0,0, 0,0,0,0,0,0, -0.00820305,0.0359538,1.43257,-0.137293,-0.215746,9.76742,185,511,177,3027,528,7135
7.01007, -0,-0,0, 0,0,0,0,0,0, -0.00855211,0.0357792,1.43239,-0.0980665,-0.254973,9.85568,185,512,177,3024,531,7133
7.02006, -0,-0,0, 0,0,0,0,0,0, -0.00855211,0.0357792,1.43239,-0.0980665,-0.254973,9.80665,185,512,177,3031,531,7135
7.03015, -0,-0,0, 0,0,0,0,0,0, -0.00872665,0.0356047,1.43239,-0.0980665,-0.294199,9.81646,184,512,177,3022,526,7133
7.04012, -0,-0,0, 0,0,0,0,0,0, -0.00872665,0.0354302,1.43222,-0.0588399,-0.294199,9.84588,185,513,177,3024,527,7141
7.05001, -0,-0,0, 0,0,0,0,0,0, -0.00872665,0.0354302,1.43222,-0.0588399,-0.294199,9.84588,185,513,177,3024,527,7141
7.06012, -0,-0,0, 0,0,0,0,0,0, -0.00890118,0.0354302,1.43222,-0.0980665,-0.17652,9.81646,185,514,177,3025,528,7140
7.07008, -0,-0,0, 0,0,0,0,0,0, -0.00890118,0.0352557,1.43222,-0.0980665,-0.215746,9.76742,185,513,177,3024,527,7145
7.08007, -0,-0,0, 0,0,0,0,0,0, -0.00907571,0.0352557,1.43222,-0.137293,-0.215746,9.80665,185,512,177,3020,528,7136
7.09008, -0,-0,0, 0,0,0,0,0,0, -0.00907571,0.0350811,1.43222,-0.0980665,-0.215746,9.76742,185,511,177,3021,528,7141
7.10009, -0,-0,0, 0,0,0,0,0,0, -0.00925024,0.0349066,1.43222,-0.0980665,-0.215746,9.85568,184,513,177,3024,530,7138
7.11007, -0,-0,0, 0,0,0,0,0,0, -0.00925024,0.0349066,1.43204,-0.0980665,-0.254973,9.85568,185,513,177,3020,530,7133
7.12009, -0,-0,0, 0,0,0,0,0,0, -0.00942478,0.0347321,1.43204,-0.137293,-0.215746,9.80665,185,513,177,3021,528,7131
7.13007, -0,-0,0, 0,0,0,0,0,0, -0.00959931,0.0345575,1.43204,-0.0588399,-0.254973,9.76742,185,514,177,3022,529,7136
7.14007, -0,-0,0, 0,0,0,0,0,0, -0.00959931,0.034383,1.43204,-0.0588399,-0.215746,9.80665,185,514,177,3020,533,7140
7.15007, -0,-0,0, 0,0,0,0,0,0, -0.00977384,0.0342085,1.43204,-0.0980665,-0.294199,9.81646,185,513,177,3023,526,7136
7.16001, -0,-0,0, 0,0,0,0,0,0, -0.00977384,0.0342085,1.43204,-0.0980665,-0.294199,9.81646,185,513,177,3023,526,7136
7.1701, -0,-0,0, 0,0,0,0,0,0, -0.00994838,0.0342085,1.43187,-0.0980665,-0.294199,9.77723,185,512,177,3029,524,7141
7.18012, -0,-0,0, 0,0,0,0,0,0, -0.00994838,0.0340339,1.43187,-0.0588399,-0.215746,9.80665,185,513,177,3025,527,7131
7.19025, -0,-0,0, 0,0,0,0,0,0, -0.0101229,0.0340339,1.43187,-0.0588399,-0.215746,9.80665,185,514,177,3022,522,7134
7.20009, -0,-0,0, 0,0,0,0,0,0, -0.0101229,0.0338594,1.43187,-0.137293,-0.254973,9.76742,185,512,177,3019,530,7130
7.21011, -0,-0,0, 0,0,0,0,0,0, -0.0101229,0.0336849,1.43187,-0.0980665,-0.254973,9.85568,185,512,177,3018,530,7132
7.22011, -0,-0,0, 0,0,0,0,0,0, -0.0102974,0.0336849,1.43169,-0.137293,-0.254973,9.76742,185,513,177,3017,521,7131
7.23009, -0,-0,0, 0,0,0,0,0,0, -0.0102974,0.0335103,1.43169,-0.0588399,-0.254973,9.80665,185,514,177,3010,528,7132
7.2401, -0,-0,0, 0,0,0,0,0,0, -0.0125664,0.0307178,1.43152,-0.137293,-0.294199,9.77723,185,512,177,3019,532,7133
7.25014, -0,-0,0, 0,0,0,0,0,0, -0.013439,0.0296706,1.43152,-0.137293,-0.254973,9.80665,185,511,177,3017,525,7132
7.26012, -0,-0,0, 0,0,0,0,0,0, -0.0141372,0.0287979,1.43134,-0.0980665,-0.215746,9.85568,185,511,177,3013,523,7129
7.27015, -0,-0,0, 0,0,0,0,0,0, -0.0148353,0.0279253,1.43134,-0.362846,-0.637432,9.66936,185,513,177,3019,527,7128
7.28025, -0,-0,0, 0,0,0,0,0,0, -0.0148353,0.0279253,1.43134,-0.362846,-0.637432,9.66936,185,513,177,3019,527,7128
7.29012, -0,-0,0, 0,0,0,0,0,0, -0.0153589,0.0272271,1.43117,-0.362846,-0.333426,9.96356,185,514,177,3009,517,7129
7.3001, -0,-0,0, 0,0,0,0,0,0, -0.0158825,0.0267035,1.431,-0.0980665,-0.411879,9.76742,185,513,177,3017,522,7128
7.31008, -0,-0,0, 0,0,0,0,0,0, -0.0158825,0.026529,1.43065,-0.0588399,-0.215746,9.80665,185,513,177,3007,523,7116
7.32008, -0,-0,0, 0,0,0,0,0,0, -0.0162316,0.0263545,1.43047,-0.0980665,-0.333426,9.89491,185,513,177,3012,522,7122
7.3301, -0,-0,0, 0,0,0,0,0,0, -0.0164061,0.0261799,1.43012,-0.0196133,-0.529559,9.81646,185,512,177,3004,525,7122
7.3401, -0,-0,0, 0,0,0,0,0,0, -0.0164061,0.0260054,1.42995,-0.0196133,-0.1471,9.77723,185,515,177,3007,524,7114
7.35008, -0,-0,0, 0,0,0,0,0,0, -0.0167552,0.0256563,1.4296,0.127486,-0.254973,9.77723,185,514,177,3007,528,7113
7.36009, -0,-0,0, 0,0,0,0,0,0, -0.0171042,0.0254818,1.42942,-0.0980665,0.0882598,9.80665,185,514,177,3006,524,7107
7.37015, -0,-0,0, 0,0,0,0,0,0, -0.0171042,0.0254818,1.42942,-0.402073,0.0882598,9.8851,185,511,177,3002,515,7117
7.38, -0,-0,0, 0,0,0,0,0,0, -0.0171042,0.0254818,1.42942,-0.402073,0.0882598,9.8851,185,511,177,3002,515,7117
7.3902, -0,-0,0, 0,0,0,0,0,0, -0.0172788,0.0251327,1.42942,0.0588399,-0.333426,9.69878,185,511,177,3003,519,7109
7.40013, -0,-0,0, 0,0,0,0,0,0, -0.0171042,0.0249582,1.42925,0.127486,0.00980665,9.76742,185,513,177,3007,526,7106
7.41009, -0,-0,0, 0,0,0,0,0,0, -0.0174533,0.0249582,1.42925,-0.362846,0.274586,9.81646,185,515,177,3010,521,7114
7.42001, -0,-0,0, 0,0,0,0,0,0, -0.0178024,0.0247837,1.42942,-0.323619,-0.794339,9.65955,185,513,177,3005,524,7115
7.43009, -0,-0,0, 0,0,0,0,0,0, -0.0178024,0.0246091,1.42942,0.0588399,-0.254973,9.66936,185,513,177,3002,527,7116
7.44009, -0,-0,0, 0,0,0,0,0,0, -0.0176278,0.0242601,1.42942,0.284393,0.00980665,9.5909,185,513,177,2999,520,7113
7.45008, -0,-0,0, 0,0,0,0,0,0, -0.0178024,0.0240855,1.42925,0.0588399,-0.254973,10.0126,185,513,177,3006,525,7110
7.46007, -0,-0,0, 0,0,0,0,0,0, -0.018326,0.023911,1.42925,-0.0980665,-0.17652,9.738,185,512,177,2997,525,7119
7.47008, -0,-0,0, 0,0,0,0,0,0, -0.0181514,0.0237365,1.42925,-0.0980665,-0.17652,9.84588,185,512,177,3006,524,7112
7.48007, -0,-0,0, 0,0,0,0,0,0, -0.018326,0.0235619,1.42908,-0.0980665,-0.17652,9.93414,185,515,177,3000,524,7106
7.49008, -0,-0,0, 0,0,0,0,0,0, -0.0185005,0.0233874,1.42908,-0.215746,-0.17652,9.65955,185,515,177,3008,530,7106
7.50008, -0,-0,0, 0,0,0,0,0,0, -0.0185005,0.0233874,1.42908,-0.215746,-0.17652,9.65955,185,515,177,3008,530,7106
7.51014, -0,-0,0, 0,0,0,0,0,0, -0.0185005,0.0232129,1.42908,-0.17652,-0.294199,9.76742,185,515,177,3002,521,7111
7.52016, -0,-0,0, 0,0,0,0,0,0, -0.018675,0.0230383,1.42908,-0.0196133,-0.215746,9.93414,185,514,177,2997,522,7113
7.53012, -0,-0,0, 0,0,0,0,0,0, -0.018675,0.0228638,1.42908,-0.0588399,-0.294199,9.77723,185,513,177,3006,523,7107
7.54008, -0,-0,0, 0,0,0,0,0,0, -0.0188496,0.0228638,1.4289,-0.137293,-0.254973,9.76742,185,514,177,3001,520,7104
7.55008, -0,-0,0, 0,0,0,0,0,0, -0.0188496,0.0226893,1.4289,-0.137293,-0.254973,9.80665,185,513,177,3001,525,7105
7.56013, -0,-0,0, 0,0,0,0,0,0, -0.0188496,0.0225147,1.4289,-0.137293,-0.254973,9.76742,185,513,177,2999,524,7108
7.57011, -0,-0,0, 0,0,0,0,0,0, -0.0190241,0.0221657,1.4289,-0.0588399,-0.254973,9.85568,185,513,177,3004,524,7107
7.58009, -0,-0,0, 0,0,0,0,0,0, -0.0191986,0.0219911,1.4289,-0.137293,-0.215746,9.85568,185,513,177,2998,523,7105
7.59009, -0,-0,0, 0,0,0,0,0,0, -0.0191986,0.0218166,1.42873,-0.17652,-0.215746,9.77723,185,512,177,2998,529,7113
7.60023, -0,-0,0, 0,0,0,0,0,0, -0.0193732,0.0216421,1.42873,-0.0980665,-0.333426,9.85568,185,513,177,2999,529,7106
7.61008, -0,-0,0, 0,0,0,0,0,0, -0.0193732,0.0216421,1.42873,-0.0980665,-0.333426,9.85568,185,513,177,2999,529,7106
7.62012, -0,-0,0, 0,0,0,0,0,0, -0.0193732,0.0216421,1.42873,-0.0196133,-0.294199,9.85568,185,514,177,3001,518,7107
7.63015, -0,-0,0, 0,0,0,0,0,0, -0.0193732,0.0214676,1.42873,-0.0588399,-0.254973,9.80665,185,514,177,3006,527,7105
7.64007, -0,-0,0, 0,0,0,0,0,0, -0.0195477,0.021293,1.42873,-0.17652,-0.254973,9.81646,185,514,177,3000,524,7113
7.65007, -0,-0,0, 0,0,0,0,0,0, -0.0195477,0.0211185,1.42873,-0.17652,-0.254973,9.81646,185,513,177,3007,522,7114
7.66014, -0,-0,0, 0,0,0,0,0,0, -0.0195477,0.0209439,1.42873,-0.17652,-0.294199,9.76742,185,514,177,3005,529,7114
7.67009, -0,-0,0, 0,0,0,0,0,0, -0.0197222,0.0209439,1.42873,-0.137293,-0.215746,9.80665,185,513,177,3002,526,7109
7.68007, -0,-0,0, 0,0,0,0,0,0, -0.0198968,0.0205949,1.42855,-0.137293,-0.17652,9.81646,185,512,177,3004,525,7114
7.69013, -0,-0,0, 0,0,0,0,0,0, -0.0198968,0.0204204,1.42855,-0.0980665,-0.254973,9.80665,185,513,177,3003,517,7105
7.70009, -0,-0,0, 0,0,0,0,0,0, -0.0200713,0.0204204,1.42855,-0.0588399,-0.254973,9.76742,185,514,177,3004,523,7100
7.70998, -0,-0,0, 0,0,0,0,0,0, -0.0200713,0.0202458,1.42855,-0.0588399,-0.17652,9.81646,185,514,177,3004,523,7100
7.72014, -0,-0,0, 0,0,0,0,0,0, -0.0200713,0.0202458,1.42855,-0.0588399,-0.17652,9.81646,185,513,177,3007,529,7108
7.73014, -0,-0,0, 0,0,0,0,0,0, -0.0202458,0.0200713,1.42855,-0.137293,-0.294199,9.84588,185,514,177,3003,528,7115
7.74014, -0,-0,0, 0,0,0,0,0,0, -0.0202458,0.0200713,1.42855,-0.215746,-0.333426,9.85568,185,512,177,3005,520,7102
7.75003, -0,-0,0, 0,0,0,0,0,0, -0.0202458,0.0198968,1.42855,-0.215746,-0.17652,9.81646,185,513,177,3002,523,7101
7.76012, -0,-0,0, 0,0,0,0,0,0, -0.0202458,0.0197222,1.42838,-0.0196133,-0.333426,9.77723,185,512,177,3004,528,7101
7.77013, -0,-0,0, 0,0,0,0,0,0, -0.0204204,0.0197222,1.42838,-0.0588399,-0.215746,9.80665,185,513,177,3000,523,7101
7.78008, -0,-0,0, 0,0,0,0,0,0, -0.0204204,0.0195477,1.42838,-0.0980665,-0.215746,9.85568,185,512,177,3008,529,7106
7.79008, -0,-0,0, 0,0,0,0,0,0, -0.0205949,0.0193732,1.42838,-0.0980665,-0.17652,9.77723,185,514,177,3000,527,7108
7.80005, -0,-0,0, 0,0,0,0,0,0, -0.0205949,0.0191986,1.42838,-0.0980665,-0.294199,9.81646,185,512,177,3000,530,7104
7.81009, -0,-0,0, 0,0,0,0,0,0, -0.0207694,0.0191986,1.42838,-0.17652,-0.333426,9.81646,185,512,177,3013,515,7110
7.8201, -0,-0,0, 0,0,0,0,0,0, -0.0207694,0.0190241,1.42838,-0.137293,-0.294199,9.84588,185,513,177,3003,524,7106
7.83017, -0,-0,0, 0,0,0,0,0,0, -0.0207694,0.0190241,1.42838,-0.137293,-0.294199,9.84588,185,513,177,3003,524,7106
7.84012, -0,-0,0, 0,0,0,0,0,0, -0.0207694,0.0190241,1.4282,-0.0588399,-0.333426,9.80665,185,513,177,3000,516,7105
7.8501, -0,-0,0, 0,0,0,0,0,0, -0.0207694,0.0188496,1.4282,-0.0196133,-0.215746,9.77723,185,511,177,3011,518,7101
7.86015, -0,-0,0, 0,0,0,0,0,0, -0.0209439,0.0188496,1.4282,-0.0588399,-0.215746,9.80665,185,512,177,2998,524,7099
7.87008, -0,-0,0, 0,0,0,0,0,0, -0.0209439,0.018675,1.4282,-0.0980665,-0.17652,9.81646,185,513,177,3001,526,7099
7.88006, -0,-0,0, 0,0,0,0,0,0, -0.0209439,0.0185005,1.4282,-0.137293,-0.17652,9.81646,185,513,177,3010,527,7108
7.89008, -0,-0,0, 0,0,0,0,0,0, -0.0211185,0.0185005,1.4282,-0.17652,-0.254973,9.77723,185,513,177,3007,519,7102
7.90015, -0,-0,0, 0,0,0,0,0,0, -0.021293,0.018326,1.4282,-0.137293,-0.254973,9.80665,185,512,177,2998,520,7108
7.91008, -0,-0,0, 0,0,0,0,0,0, -0.021293,0.0181514,1.4282,-0.0980665,-0.254973,9.80665,185,512,177,3001,521,7106
7.92009, -0,-0,0, 0,0,0,0,0,0, -0.021293,0.0181514,1.4282,-0.0980665,-0.254973,9.80665,185,512,177,3005,527,7105
7.93003, -0,-0,0, 0,0,0,0,0,0, -0.021293,0.0179769,1.4282,-0.0588399,-0.254973,9.80665,185,513,177,3001,529,7104
7.94013, -0,-0,0, 0,0,0,0,0,0, -0.021293,0.0179769,1.4282,-0.0588399,-0.254973,9.80665,185,513,177,3001,529,7104
7.95015, -0,-0,0, 0,0,0,0,0,0, -0.0214676,0.0179769,1.4282,-0.0980665,-0.215746,9.85568,185,514,177,2999,524,7103
7.96015, -0,-0,0, 0,0,0,0,0,0, -0.0214676,0.0178024,1.4282,-0.0980665,-0.254973,9.80665,185,513,177,2999,520,7100
7.97008, -0,-0,0, 0,0,0,0,0,0, -0.0214676,0.0178024,1.4282,-0.137293,-0.254973,9.80665,185,514,177,3003,518,7108
7.98015, -0,-0,0, 0,0,0,0,0,0, -0.0214676,0.0178024,1.42803,-0.137293,-0.215746,9.80665,185,514,177,3001,519,7099
7.99001, -0,-0,0, 0,0,0,0,0,0, -0.0214676,0.0176278,1.42803,-0.0980665,-0.215746,9.76742,185,513,177,3002,518,7106
8.00011, -0,-0,0, 0,0,0,0,0,0, -0.0216421,0.0176278,1.42803,-0.0588399,-0.254973,9.76742,185,514,177,3008,527,7101
8.01011, -0,-0,0, 0,0,0,0,0,0, -0.0216421,0.0174533,1.42803,-0.0980665,-0.254973,9.76742,185,512,177,3006,522,7105
8.0201, -0,-0,0, 0,0,0,0,0,0, -0.0218166,0.0172788,1.42803,-0.0980665,-0.215746,9.80665,185,513,177,3005,523,7095
8.03011, -0,-0,0, 0,0,0,0,0,0, -0.0218166,0.0172788,1.42803,-0.0980665,-0.254973,9.76742,185,514,177,2998,526,7101
8.04015, -0,-0,0, 0,0,0,0,0,0, -0.0218166,0.0171042,1.42803,-0.137293,-0.294199,9.84588,185,513,177,3002,523,7107
8.05015, -0,-0,0, 0,0,0,0,0,0, -0.0218166,0.0171042,1.42803,-0.137293,-0.294199,9.84588,185,513,177,3002,523,7107
8.06013, -0,-0,0, 0,0,0,0,0,0, -0.0218166,0.0171042,1.42803,-0.137293,-0.215746,9.80665,185,514,177,3002,523,7098
8.07011, -0,-0,0, 0,0,0,0,0,0, -0.0219911,0.0169297,1.42803,-0.0980665,-0.254973,9.80665,185,512,177,3008,522,7106
8.08018, -0,-0,0, 0,0,0,0,0,0, -0.0219911,0.0169297,1.42803,-0.0588399,-0.254973,9.80665,185,513,177,3002,527,7110
8.09007, -0,-0,0, 0,0,0,0,0,0, -0.0219911,0.0169297,1.42803,-0.0980665,-0.215746,9.85568,185,513,177,3003,525,7104
8.10007, -0,-0,0, 0,0,0,0,0,0, -0.0219911,0.0167552,1.42803,-0.0980665,-0.254973,9.80665,185,514,177,3003,520,7104
8.11009, -0,-0,0, 0,0,0,0,0,0, -0.0221657,0.0167552,1.42803,-0.137293,-0.254973,9.80665,185,514,177,3005,520,7105
8.12009, -0,-0,0, 0,0,0,0,0,0, -0.0221657,0.0165806,1.42803,-0.0980665,-0.254973,9.80665,185,515,177,3006,523,7106
8.1301, -0,-0,0, 0,0,0,0,0,0, -0.0221657,0.0165806,1.42803,-0.137293,-0.254973,9.80665,185,514,177,2994,521,7107
8.14009, -0,-0,0, 0,0,0,0,0,0, -0.0221657,0.0164061,1.42803,-0.0980665,-0.254973,9.85568,185,514,177,3002,523,7105
8.15004, -0,-0,0, 0,0,0,0,0,0, -0.0223402,0.0164061,1.42785,-0.0980665,-0.254973,9.76742,185,514,177,3001,524,7103
